{"mean":{"confidence_interval":{"confidence_level":0.95,"lower_bound":4159859.372653847,"upper_bound":4177168.6089230753},"point_estimate":4167990.0423076935,"standard_error":4432.55764089833},"median":{"confidence_interval":{"confidence_level":0.95,"lower_bound":4144489.576923077,"upper_bound":4160016.769230769},"point_estimate":4148893.4615384615,"standard_error":3441.6192023973476},"median_abs_dev":{"confidence_interval":{"confidence_level":0.95,"lower_bound":8507.899948954237,"upper_bound":26749.924071247522},"point_estimate":15145.44300803766,"standard_error":4383.7539718128455},"slope":null,"std_dev":{"confidence_interval":{"confidence_level":0.95,"lower_bound":30715.947089051046,"upper_bound":56814.715158315936},"point_estimate":44645.07534299803,"standard_error":6686.417213200135}}