{"mean":{"confidence_interval":{"confidence_level":0.95,"lower_bound":0.35199199267877224,"upper_bound":0.37915739707745666},"point_estimate":0.36554140714630123,"standard_error":0.00680437556169871},"median":{"confidence_interval":{"confidence_level":0.95,"lower_bound":0.33992509985375174,"upper_bound":0.35301559256577475},"point_estimate":0.3466044929162029,"standard_error":0.0034752352953435813}}