{"mean":{"confidence_interval":{"confidence_level":0.95,"lower_bound":0.004407819689242398,"upper_bound":0.006509995496255099},"point_estimate":0.005412084581163379,"standard_error":0.0005358777889709165},"median":{"confidence_interval":{"confidence_level":0.95,"lower_bound":0.003226476939072409,"upper_bound":0.005279605510811525},"point_estimate":0.004139165805702394,"standard_error":0.0005563297859212514}}