{"mean":{"confidence_interval":{"confidence_level":0.95,"lower_bound":-0.06936372675804123,"upper_bound":-0.05424605729272862},"point_estimate":-0.06235251988158963,"standard_error":0.0038613747717058233},"median":{"confidence_interval":{"confidence_level":0.95,"lower_bound":-0.08570147633280811,"upper_bound":-0.07391992615960521},"point_estimate":-0.08206507657817774,"standard_error":0.0030501273245644896}}