{"mean":{"confidence_interval":{"confidence_level":0.95,"lower_bound":-0.19068522470896726,"upper_bound":-0.17576435708214566},"point_estimate":-0.1835034001335365,"standard_error":0.0038076217408136988},"median":{"confidence_interval":{"confidence_level":0.95,"lower_bound":-0.2061678449803933,"upper_bound":-0.19029185598889098},"point_estimate":-0.19973152726909238,"standard_error":0.004086650318074509}}