{"mean":{"confidence_interval":{"confidence_level":0.95,"lower_bound":-0.09393498576253324,"upper_bound":-0.07904032087188151},"point_estimate":-0.08686554812913616,"standard_error":0.0038044629416233663},"median":{"confidence_interval":{"confidence_level":0.95,"lower_bound":-0.1081491679708072,"upper_bound":-0.09232624512016989},"point_estimate":-0.1018789864241596,"standard_error":0.00399821260132055}}