{"mean":{"confidence_interval":{"confidence_level":0.95,"lower_bound":-0.034088622951634,"upper_bound":-0.013595381584959333},"point_estimate":-0.024287238760084984,"standard_error":0.005219467689295763},"median":{"confidence_interval":{"confidence_level":0.95,"lower_bound":-0.052864700479198445,"upper_bound":-0.025511239936503408},"point_estimate":-0.037818725328836345,"standard_error":0.00661018010247185}}