{"mean":{"confidence_interval":{"confidence_level":0.95,"lower_bound":0.04847643694833148,"upper_bound":0.0661891719578843},"point_estimate":0.056893852773111986,"standard_error":0.004508992719665413},"median":{"confidence_interval":{"confidence_level":0.95,"lower_bound":0.03118421900248003,"upper_bound":0.04423853446356274},"point_estimate":0.03555499666739492,"standard_error":0.003375329142767077}}