{"mean":{"confidence_interval":{"confidence_level":0.95,"lower_bound":0.04838706200777243,"upper_bound":0.05522521383444297},"point_estimate":0.05164911538146155,"standard_error":0.001771379808612932},"median":{"confidence_interval":{"confidence_level":0.95,"lower_bound":0.04681283325967378,"upper_bound":0.053616447250976806},"point_estimate":0.0497086291837221,"standard_error":0.0017086935774589705}}