{"mean":{"confidence_interval":{"confidence_level":0.95,"lower_bound":0.6915540258207997,"upper_bound":0.7285899926285236},"point_estimate":0.7102094530034408,"standard_error":0.010553924799216538},"median":{"confidence_interval":{"confidence_level":0.95,"lower_bound":0.6579898897679334,"upper_bound":0.7004867723673387},"point_estimate":0.6871281617510807,"standard_error":0.010225454860148647}}