{"mean":{"confidence_interval":{"confidence_level":0.95,"lower_bound":0.44307945275871163,"upper_bound":0.477770118734238},"point_estimate":0.4596958558067594,"standard_error":0.00901237055977539},"median":{"confidence_interval":{"confidence_level":0.95,"lower_bound":0.39767444859202183,"upper_bound":0.4267639934569323},"point_estimate":0.41010212580000194,"standard_error":0.007301418023193018}}