{"mean":{"confidence_interval":{"confidence_level":0.95,"lower_bound":-0.05444296291158335,"upper_bound":-0.040220980085384106},"point_estimate":-0.04762521743468007,"standard_error":0.003632183455729838},"median":{"confidence_interval":{"confidence_level":0.95,"lower_bound":-0.06680533471225492,"upper_bound":-0.055044376946314255},"point_estimate":-0.06292696533157771,"standard_error":0.0030718921458600936}}