{"mean":{"confidence_interval":{"confidence_level":0.95,"lower_bound":-0.12897367403668855,"upper_bound":-0.11590335298443108},"point_estimate":-0.12276415934661467,"standard_error":0.003353513158607268},"median":{"confidence_interval":{"confidence_level":0.95,"lower_bound":-0.14061899174122022,"upper_bound":-0.12997362285266253},"point_estimate":-0.13715342829416943,"standard_error":0.002797588818070777}}