{"mean":{"confidence_interval":{"confidence_level":0.95,"lower_bound":-0.8001184108589472,"upper_bound":-0.79651476016591},"point_estimate":-0.7983124055585432,"standard_error":0.0009180660081165218},"median":{"confidence_interval":{"confidence_level":0.95,"lower_bound":-0.7988408435050347,"upper_bound":-0.7936817509765333},"point_estimate":-0.7960140193411647,"standard_error":0.0012934624220409766}}