{"mean":{"confidence_interval":{"confidence_level":0.95,"lower_bound":-0.13828749691724374,"upper_bound":-0.12450884215900457},"point_estimate":-0.13177269262012992,"standard_error":0.0035365003291124805},"median":{"confidence_interval":{"confidence_level":0.95,"lower_bound":-0.15255675579832428,"upper_bound":-0.1416364633509365},"point_estimate":-0.1490087290446811,"standard_error":0.0028138395127674633}}