{"mean":{"confidence_interval":{"confidence_level":0.95,"lower_bound":0.5076061400568314,"upper_bound":0.5574527437218321},"point_estimate":0.5358822104324528,"standard_error":0.012584193922235126},"median":{"confidence_interval":{"confidence_level":0.95,"lower_bound":0.49346647801620525,"upper_bound":0.5455696753740847},"point_estimate":0.520963603077059,"standard_error":0.013861833415473979}}