{"mean":{"confidence_interval":{"confidence_level":0.95,"lower_bound":0.10329548572975802,"upper_bound":0.10539882059771677},"point_estimate":0.10433364030154357,"standard_error":0.0005369992885205536},"median":{"confidence_interval":{"confidence_level":0.95,"lower_bound":0.1029099936328226,"upper_bound":0.1052895009057726},"point_estimate":0.10386250358209725,"standard_error":0.0006418560172052623}}