{"mean":{"confidence_interval":{"confidence_level":0.95,"lower_bound":0.7099613082613105,"upper_bound":0.7402596843539583},"point_estimate":0.7242100023942364,"standard_error":0.007977189347614376},"median":{"confidence_interval":{"confidence_level":0.95,"lower_bound":0.698805811195077,"upper_bound":0.740130916939254},"point_estimate":0.7174461063784334,"standard_error":0.010319837973840819}}