{"mean":{"confidence_interval":{"confidence_level":0.95,"lower_bound":-0.07561488854107694,"upper_bound":-0.06488901674997137},"point_estimate":-0.07035899111176758,"standard_error":0.002757936264975176},"median":{"confidence_interval":{"confidence_level":0.95,"lower_bound":-0.08168527737445297,"upper_bound":-0.06671607921759792},"point_estimate":-0.07318285856727713,"standard_error":0.004179865360067643}}