{"mean":{"confidence_interval":{"confidence_level":0.95,"lower_bound":0.3109289925100721,"upper_bound":0.3137803072858453},"point_estimate":0.31238838183811546,"standard_error":0.000726863696010768},"median":{"confidence_interval":{"confidence_level":0.95,"lower_bound":0.31082686048595254,"upper_bound":0.3143231684125505},"point_estimate":0.3126581661024064,"standard_error":0.0008902641955878935}}