{"mean":{"confidence_interval":{"confidence_level":0.95,"lower_bound":0.25812814101472875,"upper_bound":0.26857790055591274},"point_estimate":0.2633930893034575,"standard_error":0.00266668986045239},"median":{"confidence_interval":{"confidence_level":0.95,"lower_bound":0.25502016937318456,"upper_bound":0.26960125703261606},"point_estimate":0.26199667369560364,"standard_error":0.0036689988793600424}}