{"mean":{"confidence_interval":{"confidence_level":0.95,"lower_bound":-0.033314385900582666,"upper_bound":-0.01891587446620593},"point_estimate":-0.026586199524160636,"standard_error":0.0036758311033230026},"median":{"confidence_interval":{"confidence_level":0.95,"lower_bound":-0.04614903135112547,"upper_bound":-0.03441551467864923},"point_estimate":-0.042330788907118944,"standard_error":0.003100807807292871}}