{"mean":{"confidence_interval":{"confidence_level":0.95,"lower_bound":-0.12556458243419621,"upper_bound":-0.1125305875986975},"point_estimate":-0.11937622706333972,"standard_error":0.003322979775001797},"median":{"confidence_interval":{"confidence_level":0.95,"lower_bound":-0.13688474041796161,"upper_bound":-0.1262161589673909},"point_estimate":-0.13340085920185585,"standard_error":0.002810995671396026}}