{"mean":{"confidence_interval":{"confidence_level":0.95,"lower_bound":0.015093104338488858,"upper_bound":0.03413317036469041},"point_estimate":0.02458147775859021,"standard_error":0.004865890492351757},"median":{"confidence_interval":{"confidence_level":0.95,"lower_bound":-0.003524982036044788,"upper_bound":0.019540545329212095},"point_estimate":0.00760181929583692,"standard_error":0.005655251707960358}}