{"mean":{"confidence_interval":{"confidence_level":0.95,"lower_bound":0.012716130080609447,"upper_bound":0.0477793073053739},"point_estimate":0.031426281931940636,"standard_error":0.008936164733940911},"median":{"confidence_interval":{"confidence_level":0.95,"lower_bound":0.01298470016912967,"upper_bound":0.05169377684689325},"point_estimate":0.03674925957470321,"standard_error":0.009980676480641583}}