{"mean":{"confidence_interval":{"confidence_level":0.95,"lower_bound":0.5778776936043396,"upper_bound":0.6095012129672954},"point_estimate":0.5926720795450044,"standard_error":0.008233137119320935},"median":{"confidence_interval":{"confidence_level":0.95,"lower_bound":0.5578521961260113,"upper_bound":0.5952853360510788},"point_estimate":0.571556033984441,"standard_error":0.010236572841441416}}