{"mean":{"confidence_interval":{"confidence_level":0.95,"lower_bound":0.7423346567551294,"upper_bound":0.7711921033327156},"point_estimate":0.7572165694578186,"standard_error":0.007666370032271194},"median":{"confidence_interval":{"confidence_level":0.95,"lower_bound":0.7244884075181743,"upper_bound":0.7492561007696343},"point_estimate":0.7366577381641104,"standard_error":0.006991067547606291}}