{"mean":{"confidence_interval":{"confidence_level":0.95,"lower_bound":-0.8304593027703471,"upper_bound":-0.8275621238484445},"point_estimate":-0.8290086061145725,"standard_error":0.0007413917193857992},"median":{"confidence_interval":{"confidence_level":0.95,"lower_bound":-0.8301116945663137,"upper_bound":-0.8259168366614418},"point_estimate":-0.827938869695922,"standard_error":0.0010552070922235945}}