{"mean":{"confidence_interval":{"confidence_level":0.95,"lower_bound":0.5551719671132679,"upper_bound":0.5928410984524161},"point_estimate":0.576646773465475,"standard_error":0.009442456862442234},"median":{"confidence_interval":{"confidence_level":0.95,"lower_bound":0.5327432267282464,"upper_bound":0.5858343218574689},"point_estimate":0.5710158297181049,"standard_error":0.015376116839938747}}