{"mean":{"confidence_interval":{"confidence_level":0.95,"lower_bound":-0.035857653645509746,"upper_bound":-0.02963785776747869},"point_estimate":-0.032665282153376274,"standard_error":0.0015827049679591658},"median":{"confidence_interval":{"confidence_level":0.95,"lower_bound":-0.03259353149647715,"upper_bound":-0.028920222028606668},"point_estimate":-0.03092415359898404,"standard_error":0.0008649288783243008}}