{"mean":{"confidence_interval":{"confidence_level":0.95,"lower_bound":0.3608939713446934,"upper_bound":0.397324776213976},"point_estimate":0.3801875361651563,"standard_error":0.009262987866372701},"median":{"confidence_interval":{"confidence_level":0.95,"lower_bound":0.32552667869100005,"upper_bound":0.3633714038177429},"point_estimate":0.342521916673892,"standard_error":0.009742050251179251}}