{"mean":{"confidence_interval":{"confidence_level":0.95,"lower_bound":0.0752194565401117,"upper_bound":0.10038755626764315},"point_estimate":0.08720791949338547,"standard_error":0.006348622323021319},"median":{"confidence_interval":{"confidence_level":0.95,"lower_bound":0.032945622189668455,"upper_bound":0.06882190688676215},"point_estimate":0.04019510383731495,"standard_error":0.008595997787347697}}