{"mean":{"confidence_interval":{"confidence_level":0.95,"lower_bound":-0.8123647621195388,"upper_bound":-0.8084184408412615},"point_estimate":-0.8104491467371241,"standard_error":0.001007910234137211},"median":{"confidence_interval":{"confidence_level":0.95,"lower_bound":-0.8124256313406806,"upper_bound":-0.8070415644065371},"point_estimate":-0.8097917230758126,"standard_error":0.001367695945158293}}