{"mean":{"confidence_interval":{"confidence_level":0.95,"lower_bound":-0.1508785621402709,"upper_bound":-0.14899289227540585},"point_estimate":-0.15005485222414838,"standard_error":0.0004862510151432218},"median":{"confidence_interval":{"confidence_level":0.95,"lower_bound":-0.15145011252231,"upper_bound":-0.15048060358919285},"point_estimate":-0.1510079871388088,"standard_error":0.0002512755083689927}}