{"mean":{"confidence_interval":{"confidence_level":0.95,"lower_bound":-0.06610500337704095,"upper_bound":-0.040622502219732196},"point_estimate":-0.05533981326415427,"standard_error":0.006470363351412366},"median":{"confidence_interval":{"confidence_level":0.95,"lower_bound":-0.08573640185519549,"upper_bound":-0.07430264220176645},"point_estimate":-0.08205473243414341,"standard_error":0.0029811974830338725}}