{"mean":{"confidence_interval":{"confidence_level":0.95,"lower_bound":-0.004736288363283436,"upper_bound":0.0015686624458610687},"point_estimate":-0.0015342488619782824,"standard_error":0.0016035381753866406},"median":{"confidence_interval":{"confidence_level":0.95,"lower_bound":-0.00172574940639314,"upper_bound":-0.0006882122501663535},"point_estimate":-0.001087580928323062,"standard_error":0.00026038586424392753}}