{"mean":{"confidence_interval":{"confidence_level":0.95,"lower_bound":-0.7765415402720538,"upper_bound":-0.768056697455626},"point_estimate":-0.7722422753237598,"standard_error":0.0021480517279730536},"median":{"confidence_interval":{"confidence_level":0.95,"lower_bound":-0.7802306486280974,"upper_bound":-0.7742249934656626},"point_estimate":-0.7771102720536045,"standard_error":0.0015266711524664653}}