{"mean":{"confidence_interval":{"confidence_level":0.95,"lower_bound":0.1423416202429173,"upper_bound":0.1813804141004634},"point_estimate":0.16023087907348588,"standard_error":0.009924811933109292},"median":{"confidence_interval":{"confidence_level":0.95,"lower_bound":0.11790871070206688,"upper_bound":0.15162999694352397},"point_estimate":0.13709565840135296,"standard_error":0.008632285248478339}}