{"mean":{"confidence_interval":{"confidence_level":0.95,"lower_bound":-0.05983227656400968,"upper_bound":-0.05292936957019217},"point_estimate":-0.0563622231464731,"standard_error":0.0017498473375040064},"median":{"confidence_interval":{"confidence_level":0.95,"lower_bound":-0.05647689055244509,"upper_bound":-0.051614476564529777},"point_estimate":-0.05374371334074446,"standard_error":0.0010805871134494261}}