{"mean":{"confidence_interval":{"confidence_level":0.95,"lower_bound":0.03273871583484582,"upper_bound":0.03843603107729932},"point_estimate":0.03587972186632471,"standard_error":0.0014555143855346027},"median":{"confidence_interval":{"confidence_level":0.95,"lower_bound":0.03478081542996736,"upper_bound":0.03716966206729033},"point_estimate":0.035991166155582066,"standard_error":0.0006429407077360483}}