{"mean":{"confidence_interval":{"confidence_level":0.95,"lower_bound":0.20230504197047328,"upper_bound":0.20911425114645837},"point_estimate":0.20612450117046577,"standard_error":0.0017397732963425454},"median":{"confidence_interval":{"confidence_level":0.95,"lower_bound":0.20544611163636395,"upper_bound":0.20844466957187602},"point_estimate":0.20736300071815417,"standard_error":0.0008288287750723749}}