{"mean":{"confidence_interval":{"confidence_level":0.95,"lower_bound":0.3914025318003009,"upper_bound":0.43432934190390593},"point_estimate":0.41376397507788965,"standard_error":0.011008995006096051},"median":{"confidence_interval":{"confidence_level":0.95,"lower_bound":0.3608071807223314,"upper_bound":0.3947947622191325},"point_estimate":0.37539417864922253,"standard_error":0.008484920231404654}}