{"mean":{"confidence_interval":{"confidence_level":0.95,"lower_bound":0.2946542924307082,"upper_bound":0.3189722413632697},"point_estimate":0.3067597195056875,"standard_error":0.006420091285847109},"median":{"confidence_interval":{"confidence_level":0.95,"lower_bound":0.2795710917998375,"upper_bound":0.3098101972101495},"point_estimate":0.29650552416383613,"standard_error":0.0071835805928732585}}