{"mean":{"confidence_interval":{"confidence_level":0.95,"lower_bound":0.40047313627748227,"upper_bound":0.42307843734349926},"point_estimate":0.4116480369682296,"standard_error":0.0057162282613508145},"median":{"confidence_interval":{"confidence_level":0.95,"lower_bound":0.3806396386833584,"upper_bound":0.4045009756054261},"point_estimate":0.38944538334934986,"standard_error":0.00618873275553896}}