{"mean":{"confidence_interval":{"confidence_level":0.95,"lower_bound":0.7177316491558404,"upper_bound":0.7461860953991473},"point_estimate":0.7309874149189928,"standard_error":0.007133881739307818},"median":{"confidence_interval":{"confidence_level":0.95,"lower_bound":0.724724332951403,"upper_bound":0.7488828572366828},"point_estimate":0.7351437638376439,"standard_error":0.006078640024983441}}