{"mean":{"confidence_interval":{"confidence_level":0.95,"lower_bound":0.021857111120876783,"upper_bound":0.03121574802265892},"point_estimate":0.026171726256927208,"standard_error":0.002382134166046539},"median":{"confidence_interval":{"confidence_level":0.95,"lower_bound":0.01800463491406279,"upper_bound":0.033764237853238344},"point_estimate":0.02497117868771781,"standard_error":0.004049190495893622}}