{"mean":{"confidence_interval":{"confidence_level":0.95,"lower_bound":0.0033754293218260793,"upper_bound":0.006035236120478203},"point_estimate":0.004542849907120949,"standard_error":0.0007023557600389},"median":{"confidence_interval":{"confidence_level":0.95,"lower_bound":0.002522766128463261,"upper_bound":0.0033244457410877004},"point_estimate":0.0029783923891417707,"standard_error":0.000203212348120285}}