{"mean":{"confidence_interval":{"confidence_level":0.95,"lower_bound":0.27445608923706266,"upper_bound":0.28271195342577654},"point_estimate":0.27870892160618177,"standard_error":0.002107856323251074},"median":{"confidence_interval":{"confidence_level":0.95,"lower_bound":0.2725546281338543,"upper_bound":0.28404492671726406},"point_estimate":0.2788454058832557,"standard_error":0.003172149210846543}}