{"mean":{"confidence_interval":{"confidence_level":0.95,"lower_bound":0.31715554098217646,"upper_bound":0.31882095912236746},"point_estimate":0.31798112178803617,"standard_error":0.00042839416995263277},"median":{"confidence_interval":{"confidence_level":0.95,"lower_bound":0.3181574365690371,"upper_bound":0.319638669785548},"point_estimate":0.3189079698620396,"standard_error":0.00037168949254691376}}