{"mean":{"confidence_interval":{"confidence_level":0.95,"lower_bound":-0.08812029133285487,"upper_bound":-0.07982502982829287},"point_estimate":-0.08379436486473946,"standard_error":0.0021272938755309604},"median":{"confidence_interval":{"confidence_level":0.95,"lower_bound":-0.09358722742861214,"upper_bound":-0.08074722971671788},"point_estimate":-0.08882129639917513,"standard_error":0.0033812088356587997}}