{"mean":{"confidence_interval":{"confidence_level":0.95,"lower_bound":-0.1938653872243532,"upper_bound":-0.18436389158744412},"point_estimate":-0.18933664054995536,"standard_error":0.0024289919356571604},"median":{"confidence_interval":{"confidence_level":0.95,"lower_bound":-0.2028666049280099,"upper_bound":-0.19030625318574956},"point_estimate":-0.1981984420573586,"standard_error":0.003310214493180027}}