{"mean":{"confidence_interval":{"confidence_level":0.95,"lower_bound":0.6194468563179015,"upper_bound":0.6441151495842384},"point_estimate":0.6306118934914458,"standard_error":0.005562766430036485},"median":{"confidence_interval":{"confidence_level":0.95,"lower_bound":0.607211957944296,"upper_bound":0.637722853849193},"point_estimate":0.6218288912298806,"standard_error":0.007662649272416003}}