{"mean":{"confidence_interval":{"confidence_level":0.95,"lower_bound":0.34799545528708853,"upper_bound":0.36975641748243687},"point_estimate":0.3591646854198691,"standard_error":0.005806057739383985},"median":{"confidence_interval":{"confidence_level":0.95,"lower_bound":0.34247149492257645,"upper_bound":0.35671083689051386},"point_estimate":0.3496616008050162,"standard_error":0.003464942349151078}}