{"mean":{"confidence_interval":{"confidence_level":0.95,"lower_bound":0.11177447131589167,"upper_bound":0.1281158155141984},"point_estimate":0.11872940218696604,"standard_error":0.004091926299803781},"median":{"confidence_interval":{"confidence_level":0.95,"lower_bound":0.1072022133358006,"upper_bound":0.12780775359350538},"point_estimate":0.11734017206759861,"standard_error":0.004930934535086395}}