{"mean":{"confidence_interval":{"confidence_level":0.95,"lower_bound":0.0012993804993691577,"upper_bound":0.004557565237770383},"point_estimate":0.0030448071156887746,"standard_error":0.0008388402280271371},"median":{"confidence_interval":{"confidence_level":0.95,"lower_bound":0.004677700471235946,"upper_bound":0.005532760319723454},"point_estimate":0.005056407276599506,"standard_error":0.00022354450023408536}}