{"mean":{"confidence_interval":{"confidence_level":0.95,"lower_bound":-0.8244679889475716,"upper_bound":-0.8204457868963889},"point_estimate":-0.8224248703251192,"standard_error":0.0010242904651072324},"median":{"confidence_interval":{"confidence_level":0.95,"lower_bound":-0.8232294707065908,"upper_bound":-0.8179860647342504},"point_estimate":-0.8205035467782769,"standard_error":0.0014490057158144695}}