{"mean":{"confidence_interval":{"confidence_level":0.95,"lower_bound":-0.13011489264715945,"upper_bound":-0.12398823585117114},"point_estimate":-0.12713376232236795,"standard_error":0.0015664622604795336},"median":{"confidence_interval":{"confidence_level":0.95,"lower_bound":-0.13456794182529552,"upper_bound":-0.1245117227193886},"point_estimate":-0.13065794600527914,"standard_error":0.0028185783323823287}}