{"mean":{"confidence_interval":{"confidence_level":0.95,"lower_bound":0.036276666887525254,"upper_bound":0.04002473159009612},"point_estimate":0.03829644665282039,"standard_error":0.0009584142844257665},"median":{"confidence_interval":{"confidence_level":0.95,"lower_bound":0.038996515025688454,"upper_bound":0.03997596833151662},"point_estimate":0.0395382476073165,"standard_error":0.0002487855546231356}}