{"mean":{"confidence_interval":{"confidence_level":0.95,"lower_bound":-0.032367274875489724,"upper_bound":-0.025845772362888528},"point_estimate":-0.02923111053744598,"standard_error":0.0016763436258853247},"median":{"confidence_interval":{"confidence_level":0.95,"lower_bound":-0.029986924237472956,"upper_bound":-0.025243654348960143},"point_estimate":-0.02738572978452891,"standard_error":0.0010722878649120956}}