{"mean":{"confidence_interval":{"confidence_level":0.95,"lower_bound":-0.0677540367665761,"upper_bound":-0.06054791269107571},"point_estimate":-0.06413989079384852,"standard_error":0.0018305137678427139},"median":{"confidence_interval":{"confidence_level":0.95,"lower_bound":-0.07478195976106061,"upper_bound":-0.0638979429712006},"point_estimate":-0.07051971148004554,"standard_error":0.003021402578067246}}