{"mean":{"confidence_interval":{"confidence_level":0.95,"lower_bound":-0.06581598685213452,"upper_bound":-0.059276304858262074},"point_estimate":-0.06256977402817876,"standard_error":0.0016654078772129568},"median":{"confidence_interval":{"confidence_level":0.95,"lower_bound":-0.06978655141095769,"upper_bound":-0.05899221815599598},"point_estimate":-0.06561141119248282,"standard_error":0.003022289852488434}}