{"mean":{"confidence_interval":{"confidence_level":0.95,"lower_bound":-0.08352519611662818,"upper_bound":-0.07494906812243668},"point_estimate":-0.07910115068925472,"standard_error":0.00227070007701697},"median":{"confidence_interval":{"confidence_level":0.95,"lower_bound":-0.09010726812064235,"upper_bound":-0.07723991974151176},"point_estimate":-0.08273605633821435,"standard_error":0.003301887278072573}}