{"mean":{"confidence_interval":{"confidence_level":0.95,"lower_bound":-0.14966349180736482,"upper_bound":-0.14806510494500513},"point_estimate":-0.1488268022284106,"standard_error":0.00041333431572417533},"median":{"confidence_interval":{"confidence_level":0.95,"lower_bound":-0.1497566223891975,"upper_bound":-0.14830364821728614},"point_estimate":-0.14883536042092493,"standard_error":0.00035104285061210173}}