{"mean":{"confidence_interval":{"confidence_level":0.95,"lower_bound":0.6825964455061496,"upper_bound":0.7157417374536164},"point_estimate":0.6989026485180923,"standard_error":0.008916058494495218},"median":{"confidence_interval":{"confidence_level":0.95,"lower_bound":0.6668841856369379,"upper_bound":0.685075341687142},"point_estimate":0.6748675948558869,"standard_error":0.005317397797915817}}