{"mean":{"confidence_interval":{"confidence_level":0.95,"lower_bound":0.10561198952642634,"upper_bound":0.10853508682961288},"point_estimate":0.10704062588992214,"standard_error":0.0007649635130293557},"median":{"confidence_interval":{"confidence_level":0.95,"lower_bound":0.10452344573338368,"upper_bound":0.10639576793330452},"point_estimate":0.10545595306905131,"standard_error":0.0004602445735218726}}