{"mean":{"confidence_interval":{"confidence_level":0.95,"lower_bound":-0.8025267665102344,"upper_bound":-0.7973040325621076},"point_estimate":-0.7999349808463121,"standard_error":0.0013309147450545466},"median":{"confidence_interval":{"confidence_level":0.95,"lower_bound":-0.8012725496038116,"upper_bound":-0.7940065343942866},"point_estimate":-0.7972974117499269,"standard_error":0.0018780915304209692}}