{"mean":{"confidence_interval":{"confidence_level":0.95,"lower_bound":-0.05170868482056257,"upper_bound":-0.04503921974070993},"point_estimate":-0.04843666490841114,"standard_error":0.0016943917901119166},"median":{"confidence_interval":{"confidence_level":0.95,"lower_bound":-0.05644709087063304,"upper_bound":-0.04546990143820595},"point_estimate":-0.0522033244597615,"standard_error":0.0030715973375953624}}