{"mean":{"confidence_interval":{"confidence_level":0.95,"lower_bound":0.45925331196407626,"upper_bound":0.4981488976443862},"point_estimate":0.4805123785957446,"standard_error":0.011012913492377815},"median":{"confidence_interval":{"confidence_level":0.95,"lower_bound":0.4463006929814286,"upper_bound":0.4953588591732055},"point_estimate":0.47881327229995074,"standard_error":0.013294990920223772}}