{"mean":{"confidence_interval":{"confidence_level":0.95,"lower_bound":-0.1277157166965199,"upper_bound":-0.12165219773975966},"point_estimate":-0.12469719739911189,"standard_error":0.001545329208428849},"median":{"confidence_interval":{"confidence_level":0.95,"lower_bound":-0.13166052648637927,"upper_bound":-0.12158595824704954},"point_estimate":-0.12774334260109366,"standard_error":0.0028290680115341743}}