{"mean":{"confidence_interval":{"confidence_level":0.95,"lower_bound":0.3215828131890371,"upper_bound":0.3496588998678501},"point_estimate":0.33556695171651385,"standard_error":0.007516076879407625},"median":{"confidence_interval":{"confidence_level":0.95,"lower_bound":0.3025837943404657,"upper_bound":0.34958508407929156},"point_estimate":0.31999886193344795,"standard_error":0.01328001001347818}}