{"mean":{"confidence_interval":{"confidence_level":0.95,"lower_bound":-0.14077706564408607,"upper_bound":-0.13466887647771497},"point_estimate":-0.13772770149751012,"standard_error":0.001555709334263683},"median":{"confidence_interval":{"confidence_level":0.95,"lower_bound":-0.1447879117083375,"upper_bound":-0.13465150880085408},"point_estimate":-0.14080822734344733,"standard_error":0.002809807664180215}}