{"mean":{"confidence_interval":{"confidence_level":0.95,"lower_bound":-0.7933004428556472,"upper_bound":-0.788380276722871},"point_estimate":-0.7908191377852342,"standard_error":0.0012533106259498058},"median":{"confidence_interval":{"confidence_level":0.95,"lower_bound":-0.7922981230994024,"upper_bound":-0.7856209704621306},"point_estimate":-0.7887860818964864,"standard_error":0.001754032527774307}}