{"mean":{"confidence_interval":{"confidence_level":0.95,"lower_bound":-0.03742988718668205,"upper_bound":-0.02077754303177874},"point_estimate":-0.0292589573815335,"standard_error":0.004191360221143287},"median":{"confidence_interval":{"confidence_level":0.95,"lower_bound":-0.04022786161712799,"upper_bound":-0.015189040616548466},"point_estimate":-0.025941040453914543,"standard_error":0.0063103742337733415}}