{"mean":{"confidence_interval":{"confidence_level":0.95,"lower_bound":0.05526048858636411,"upper_bound":0.061103959170679616},"point_estimate":0.05802763716884907,"standard_error":0.0014546931812326191},"median":{"confidence_interval":{"confidence_level":0.95,"lower_bound":0.05408282956504351,"upper_bound":0.06232279727053647},"point_estimate":0.0573680363545126,"standard_error":0.0022834475564918787}}