{"mean":{"confidence_interval":{"confidence_level":0.95,"lower_bound":0.2711397422062943,"upper_bound":0.2791337880996439},"point_estimate":0.2751682157468005,"standard_error":0.002045923189940723},"median":{"confidence_interval":{"confidence_level":0.95,"lower_bound":0.2682092855760281,"upper_bound":0.2800282572347923},"point_estimate":0.27258181614086796,"standard_error":0.003262669178854256}}