{"mean":{"confidence_interval":{"confidence_level":0.95,"lower_bound":0.18135319825113208,"upper_bound":0.18755902464858695},"point_estimate":0.18443837973380495,"standard_error":0.001583414189066455},"median":{"confidence_interval":{"confidence_level":0.95,"lower_bound":0.1828335387714195,"upper_bound":0.18469162273675588},"point_estimate":0.18379744955247723,"standard_error":0.00048266556802297904}}