{"mean":{"confidence_interval":{"confidence_level":0.95,"lower_bound":0.20281002622943078,"upper_bound":0.20665288050507122},"point_estimate":0.20485551652358125,"standard_error":0.0009806965413882275},"median":{"confidence_interval":{"confidence_level":0.95,"lower_bound":0.2070893916291523,"upper_bound":0.20813100325096623},"point_estimate":0.2075875907253688,"standard_error":0.0002784155260472477}}