{"mean":{"confidence_interval":{"confidence_level":0.95,"lower_bound":0.3651165221396682,"upper_bound":0.3864536046483311},"point_estimate":0.37656488071843697,"standard_error":0.005542092867130058},"median":{"confidence_interval":{"confidence_level":0.95,"lower_bound":0.35030271537251134,"upper_bound":0.38418043535966917},"point_estimate":0.3664940308967215,"standard_error":0.00902544364882829}}