{"mean":{"confidence_interval":{"confidence_level":0.95,"lower_bound":-0.030988901137306124,"upper_bound":-0.024284042764770475},"point_estimate":-0.027649682370811446,"standard_error":0.0017155202266501792},"median":{"confidence_interval":{"confidence_level":0.95,"lower_bound":-0.035271002845571386,"upper_bound":-0.024095348917324566},"point_estimate":-0.030956918992757543,"standard_error":0.003133997016954877}}