{"mean":{"confidence_interval":{"confidence_level":0.95,"lower_bound":0.04052321609329623,"upper_bound":0.05001958407283946},"point_estimate":0.04506642626076851,"standard_error":0.0024207298112548814},"median":{"confidence_interval":{"confidence_level":0.95,"lower_bound":0.03397913428692777,"upper_bound":0.046058664601953625},"point_estimate":0.03851919600284237,"standard_error":0.003376933031148478}}