{"mean":{"confidence_interval":{"confidence_level":0.95,"lower_bound":0.6697893838963122,"upper_bound":0.6940620074746419},"point_estimate":0.6821458098776627,"standard_error":0.006190274410362605},"median":{"confidence_interval":{"confidence_level":0.95,"lower_bound":0.6596654822246755,"upper_bound":0.6731069934189753},"point_estimate":0.6674074359604805,"standard_error":0.004143872185619653}}