{"mean":{"confidence_interval":{"confidence_level":0.95,"lower_bound":0.02555396427767566,"upper_bound":0.05590457754127898},"point_estimate":0.03954421707702371,"standard_error":0.007551571877156046},"median":{"confidence_interval":{"confidence_level":0.95,"lower_bound":0.02933045799418066,"upper_bound":0.05220326863180813},"point_estimate":0.039421510400288184,"standard_error":0.005763061031478195}}