{"mean":{"confidence_interval":{"confidence_level":0.95,"lower_bound":-0.771134190419976,"upper_bound":-0.7652864640168838},"point_estimate":-0.7681944007206872,"standard_error":0.001494217572899389},"median":{"confidence_interval":{"confidence_level":0.95,"lower_bound":-0.7712943636480584,"upper_bound":-0.7641681669964964},"point_estimate":-0.7676587596290234,"standard_error":0.0019131301280601181}}