{"mean":{"confidence_interval":{"confidence_level":0.95,"lower_bound":0.5760548544048736,"upper_bound":0.6030039003299555},"point_estimate":0.5908756574858898,"standard_error":0.006708567767609915},"median":{"confidence_interval":{"confidence_level":0.95,"lower_bound":0.575024878678182,"upper_bound":0.5999608761615802},"point_estimate":0.5869013495673512,"standard_error":0.006288136537841344}}