{"mean":{"confidence_interval":{"confidence_level":0.95,"lower_bound":-0.050382255836800116,"upper_bound":-0.04513765245820783},"point_estimate":-0.0477992943271256,"standard_error":0.0013362830209468076},"median":{"confidence_interval":{"confidence_level":0.95,"lower_bound":-0.04779568499175513,"upper_bound":-0.044228982243358694},"point_estimate":-0.04581584831264063,"standard_error":0.001024731376956271}}