{"mean":{"confidence_interval":{"confidence_level":0.95,"lower_bound":0.041046531014139145,"upper_bound":0.04829500464080517},"point_estimate":0.04462118474284571,"standard_error":0.0018536184376534129},"median":{"confidence_interval":{"confidence_level":0.95,"lower_bound":0.036166937783894015,"upper_bound":0.04822734461861278},"point_estimate":0.04086706211132096,"standard_error":0.0033748796261006218}}