{"mean":{"confidence_interval":{"confidence_level":0.95,"lower_bound":3682407.6239285683,"upper_bound":3743704.1228214283},"point_estimate":3712181.067857142,"standard_error":15599.623076169035},"median":{"confidence_interval":{"confidence_level":0.95,"lower_bound":3641563.1785714286,"upper_bound":3721343.1428571427},"point_estimate":3685005.1428571427,"standard_error":19032.153301339727},"median_abs_dev":{"confidence_interval":{"confidence_level":0.95,"lower_bound":116078.94708918649,"upper_bound":179744.70220889343},"point_estimate":163366.20849967003,"standard_error":16633.45301224799},"slope":null,"std_dev":{"confidence_interval":{"confidence_level":0.95,"lower_bound":126349.15740882697,"upper_bound":183016.33667197468},"point_estimate":156312.8863923325,"standard_error":14452.170466878048}}