{"mean":{"confidence_interval":{"confidence_level":0.95,"lower_bound":3143153.97584375,"upper_bound":3150442.5743437503},"point_estimate":3146240.25625,"standard_error":1886.4127676084106},"median":{"confidence_interval":{"confidence_level":0.95,"lower_bound":3142182.125,"upper_bound":3145534.5},"point_estimate":3143995.90625,"standard_error":881.220598908578},"median_abs_dev":{"confidence_interval":{"confidence_level":0.95,"lower_bound":4716.566339232959,"upper_bound":8348.983764275908},"point_estimate":5504.198733530939,"standard_error":953.680274880378},"slope":null,"std_dev":{"confidence_interval":{"confidence_level":0.95,"lower_bound":8001.872274605164,"upper_bound":29871.15492003052},"point_estimate":18955.144860673525,"standard_error":6896.728477283651}}