{"mean":{"confidence_interval":{"confidence_level":0.95,"lower_bound":3006196.942676471,"upper_bound":3027157.4459558837},"point_estimate":3016606.932941177,"standard_error":5354.221010623521},"median":{"confidence_interval":{"confidence_level":0.95,"lower_bound":2993992.294117647,"upper_bound":3034692.529411765},"point_estimate":3013307.0588235296,"standard_error":9412.858817316244},"median_abs_dev":{"confidence_interval":{"confidence_level":0.95,"lower_bound":48455.989363263594,"upper_bound":73973.45356906182},"point_estimate":61510.76179620134,"standard_error":6489.350869784927},"slope":null,"std_dev":{"confidence_interval":{"confidence_level":0.95,"lower_bound":47719.40861119984,"upper_bound":59502.53026017305},"point_estimate":54016.94829123333,"standard_error":2986.171801084888}}