{"mean":{"confidence_interval":{"confidence_level":0.95,"lower_bound":2626257.0383125,"upper_bound":2656718.582024999},"point_estimate":2640880.1110000005,"standard_error":7750.525916300072},"median":{"confidence_interval":{"confidence_level":0.95,"lower_bound":2611077.55,"upper_bound":2653477.15},"point_estimate":2634254.825,"standard_error":11460.193030707504},"median_abs_dev":{"confidence_interval":{"confidence_level":0.95,"lower_bound":54814.87155184184,"upper_bound":89992.8917773068},"point_estimate":68532.44248330593,"standard_error":8791.769082139026},"slope":null,"std_dev":{"confidence_interval":{"confidence_level":0.95,"lower_bound":60076.40144728025,"upper_bound":98819.75063726114},"point_estimate":78162.0181469841,"standard_error":10371.754794253306}}