{"mean":{"confidence_interval":{"confidence_level":0.95,"lower_bound":4622769.175431818,"upper_bound":4715241.489659091},"point_estimate":4665656.81,"standard_error":23627.936502377263},"median":{"confidence_interval":{"confidence_level":0.95,"lower_bound":4577007.909090909,"upper_bound":4619912.272727273},"point_estimate":4599148.681818182,"standard_error":11372.566276503652},"median_abs_dev":{"confidence_interval":{"confidence_level":0.95,"lower_bound":61608.43104259559,"upper_bound":124283.05363898959},"point_estimate":87216.9760424975,"standard_error":16674.508518572362},"slope":null,"std_dev":{"confidence_interval":{"confidence_level":0.95,"lower_bound":146733.16711454972,"upper_bound":315568.306146645},"point_estimate":237453.3128890182,"standard_error":42976.67242960914}}