{"mean":{"confidence_interval":{"confidence_level":0.95,"lower_bound":3088727.6979411766,"upper_bound":3108298.6272941167},"point_estimate":3097587.5276470585,"standard_error":5017.414392732876},"median":{"confidence_interval":{"confidence_level":0.95,"lower_bound":3077979.294117647,"upper_bound":3085561.7352941176},"point_estimate":3079785.176470588,"standard_error":2013.7802415623948},"median_abs_dev":{"confidence_interval":{"confidence_level":0.95,"lower_bound":6745.873486119321,"upper_bound":16823.32353662036},"point_estimate":10033.800563040659,"standard_error":2635.6319599790327},"slope":null,"std_dev":{"confidence_interval":{"confidence_level":0.95,"lower_bound":26068.488969086913,"upper_bound":69455.05989815957},"point_estimate":50561.342802217994,"standard_error":11097.59462910636}}