{"mean":{"confidence_interval":{"confidence_level":0.95,"lower_bound":4771686.739,"upper_bound":4875889.031795452},"point_estimate":4822212.796363637,"standard_error":26573.35934870782},"median":{"confidence_interval":{"confidence_level":0.95,"lower_bound":4693588.090909091,"upper_bound":4783828.363636363},"point_estimate":4731067.0,"standard_error":21948.724417653684},"median_abs_dev":{"confidence_interval":{"confidence_level":0.95,"lower_bound":124206.96930397578,"upper_bound":241425.02972293991},"point_estimate":175641.7993271889,"standard_error":30309.56352229746},"slope":null,"std_dev":{"confidence_interval":{"confidence_level":0.95,"lower_bound":215777.32014370456,"upper_bound":310268.4276161197},"point_estimate":267038.10213892814,"standard_error":24156.94289472006}}