{"mean":{"confidence_interval":{"confidence_level":0.95,"lower_bound":4919754.351340906,"upper_bound":5043188.218590907},"point_estimate":4979759.384545451,"standard_error":31590.797931424142},"median":{"confidence_interval":{"confidence_level":0.95,"lower_bound":4853714.909090909,"upper_bound":4979484.2727272725},"point_estimate":4928015.363636363,"standard_error":36688.78813025046},"median_abs_dev":{"confidence_interval":{"confidence_level":0.95,"lower_bound":192510.35009134974,"upper_bound":328883.6004854674},"point_estimate":262030.87806620324,"standard_error":35270.183225110166},"slope":null,"std_dev":{"confidence_interval":{"confidence_level":0.95,"lower_bound":257336.85510745674,"upper_bound":373253.2832092803},"point_estimate":318630.7830435649,"standard_error":29503.344584464383}}