{"mean":{"confidence_interval":{"confidence_level":0.95,"lower_bound":1206659.2572704921,"upper_bound":1218267.536879072},"point_estimate":1211512.7987848625,"standard_error":3036.520561281806},"median":{"confidence_interval":{"confidence_level":0.95,"lower_bound":1205043.7710843373,"upper_bound":1205974.3287671234},"point_estimate":1205636.5356071964,"standard_error":243.59024314744852},"median_abs_dev":{"confidence_interval":{"confidence_level":0.95,"lower_bound":1579.5407792710832,"upper_bound":2894.0405203597406},"point_estimate":2173.5639441409007,"standard_error":325.1806544960848},"slope":{"confidence_interval":{"confidence_level":0.95,"lower_bound":1205633.5546630402,"upper_bound":1206788.3400299828},"point_estimate":1206144.0706753363,"standard_error":295.2857399322871},"std_dev":{"confidence_interval":{"confidence_level":0.95,"lower_bound":4597.609313992024,"upper_bound":48738.25222298695},"point_estimate":30501.543309194738,"standard_error":11427.629234775626}}