{"mean":{"confidence_interval":{"confidence_level":0.95,"lower_bound":3559745.817133332,"upper_bound":3625883.02185},"point_estimate":3591671.457333333,"standard_error":16909.85184842783},"median":{"confidence_interval":{"confidence_level":0.95,"lower_bound":3476002.1333333333,"upper_bound":3578461.6666666665},"point_estimate":3489983.2,"standard_error":26391.13866600246},"median_abs_dev":{"confidence_interval":{"confidence_level":0.95,"lower_bound":17446.594030261364,"upper_bound":160857.88285370098},"point_estimate":39165.645824671185,"standard_error":36543.25180764066},"slope":null,"std_dev":{"confidence_interval":{"confidence_level":0.95,"lower_bound":133361.98516233175,"upper_bound":202318.78146514902},"point_estimate":170084.3681071176,"standard_error":17556.38224443885}}