{"mean":{"confidence_interval":{"confidence_level":0.95,"lower_bound":3118675.0887205875,"upper_bound":3227924.093588234},"point_estimate":3171383.575294118,"standard_error":27730.117633400994},"median":{"confidence_interval":{"confidence_level":0.95,"lower_bound":3048551.0,"upper_bound":3186210.529411765},"point_estimate":3127806.588235294,"standard_error":31407.064839366783},"median_abs_dev":{"confidence_interval":{"confidence_level":0.95,"lower_bound":183375.46495619975,"upper_bound":285231.3564396599},"point_estimate":243266.87873409083,"standard_error":25742.175148484715},"slope":null,"std_dev":{"confidence_interval":{"confidence_level":0.95,"lower_bound":215260.36155994408,"upper_bound":338693.5018681681},"point_estimate":279288.7105375014,"standard_error":31643.291796172594}}