{"mean":{"confidence_interval":{"confidence_level":0.95,"lower_bound":4512337.003645832,"upper_bound":4610588.545562497},"point_estimate":4559551.205,"standard_error":25112.540426214313},"median":{"confidence_interval":{"confidence_level":0.95,"lower_bound":4451039.166666667,"upper_bound":4564748.125},"point_estimate":4504327.041666666,"standard_error":30052.114701024468},"median_abs_dev":{"confidence_interval":{"confidence_level":0.95,"lower_bound":151553.28433439182,"upper_bound":281015.95261097},"point_estimate":204136.5958258496,"standard_error":33194.24427286467},"slope":null,"std_dev":{"confidence_interval":{"confidence_level":0.95,"lower_bound":200554.6189860495,"upper_bound":294921.7583013925},"point_estimate":250159.45039560038,"standard_error":24129.599410820767}}