{"mean":{"confidence_interval":{"confidence_level":0.95,"lower_bound":3278351.2780156247,"upper_bound":3326883.5142343747},"point_estimate":3303573.670625,"standard_error":12429.28502385935},"median":{"confidence_interval":{"confidence_level":0.95,"lower_bound":3327144.75,"upper_bound":3368717.78125},"point_estimate":3355123.65625,"standard_error":10856.940368378746},"median_abs_dev":{"confidence_interval":{"confidence_level":0.95,"lower_bound":42687.99139838666,"upper_bound":93962.97018807381},"point_estimate":62276.75088811666,"standard_error":13480.503512877869},"slope":null,"std_dev":{"confidence_interval":{"confidence_level":0.95,"lower_bound":94968.00054608106,"upper_bound":150907.0052459719},"point_estimate":124697.69503456823,"standard_error":14305.02256024302}}