{"mean":{"confidence_interval":{"confidence_level":0.95,"lower_bound":717889.3587532841,"upper_bound":719252.3982194719},"point_estimate":718482.4062139146,"standard_error":349.65476610298555},"median":{"confidence_interval":{"confidence_level":0.95,"lower_bound":717463.7337662338,"upper_bound":717791.0522217132},"point_estimate":717641.0475793915,"standard_error":90.78657893228946},"median_abs_dev":{"confidence_interval":{"confidence_level":0.95,"lower_bound":458.21198824211933,"upper_bound":841.7410479111486},"point_estimate":676.8991310146234,"standard_error":102.34719569422064},"slope":{"confidence_interval":{"confidence_level":0.95,"lower_bound":717908.7327275788,"upper_bound":719374.4551977006},"point_estimate":718529.0574818974,"standard_error":375.89901164860856},"std_dev":{"confidence_interval":{"confidence_level":0.95,"lower_bound":1423.3184845714716,"upper_bound":5272.357268391008},"point_estimate":3518.4654620115966,"standard_error":1004.3796363731308}}