{"mean":{"confidence_interval":{"confidence_level":0.95,"lower_bound":1196333.3653028838,"upper_bound":1204818.3907651552},"point_estimate":1200597.7118540397,"standard_error":2162.0726320690646},"median":{"confidence_interval":{"confidence_level":0.95,"lower_bound":1195096.75,"upper_bound":1209904.1648550725},"point_estimate":1200765.3951396863,"standard_error":4285.295322825013},"median_abs_dev":{"confidence_interval":{"confidence_level":0.95,"lower_bound":18556.341433627716,"upper_bound":28966.48545230445},"point_estimate":23231.837057324465,"standard_error":2791.817759137313},"slope":{"confidence_interval":{"confidence_level":0.95,"lower_bound":1191484.2400611541,"upper_bound":1200271.7691332933},"point_estimate":1195856.4088576918,"standard_error":2242.755023342669},"std_dev":{"confidence_interval":{"confidence_level":0.95,"lower_bound":18971.78385685162,"upper_bound":24070.835020417624},"point_estimate":21662.39541864305,"standard_error":1304.836570879827}}