{"mean":{"confidence_interval":{"confidence_level":0.95,"lower_bound":4816410.701272727,"upper_bound":4897827.6734772725},"point_estimate":4855912.53,"standard_error":20811.61974834202},"median":{"confidence_interval":{"confidence_level":0.95,"lower_bound":4781127.863636363,"upper_bound":4882942.090909091},"point_estimate":4823800.181818182,"standard_error":26075.24513819834},"median_abs_dev":{"confidence_interval":{"confidence_level":0.95,"lower_bound":141151.69875042065,"upper_bound":237386.09044009956},"point_estimate":179388.93597884587,"standard_error":25564.022548091234},"slope":null,"std_dev":{"confidence_interval":{"confidence_level":0.95,"lower_bound":168489.56473603702,"upper_bound":247737.6605796262},"point_estimate":209283.5282226945,"standard_error":20347.42892967622}}