{"mean":{"confidence_interval":{"confidence_level":0.95,"lower_bound":2696563.4225394735,"upper_bound":2714224.2692500004},"point_estimate":2705354.2142105256,"standard_error":4518.290199650411},"median":{"confidence_interval":{"confidence_level":0.95,"lower_bound":2697501.7894736845,"upper_bound":2718690.9736842103},"point_estimate":2708749.0,"standard_error":5039.719437371306},"median_abs_dev":{"confidence_interval":{"confidence_level":0.95,"lower_bound":38788.950985042415,"upper_bound":60860.026635307615},"point_estimate":53458.73150354919,"standard_error":5613.861632668627},"slope":null,"std_dev":{"confidence_interval":{"confidence_level":0.95,"lower_bound":39725.677435199694,"upper_bound":49860.16940878732},"point_estimate":45125.03513837881,"standard_error":2589.385296509634}}