{"mean":{"confidence_interval":{"confidence_level":0.95,"lower_bound":3392060.5009833337,"upper_bound":3402554.759283333},"point_estimate":3396822.3533333344,"standard_error":2697.419555591184},"median":{"confidence_interval":{"confidence_level":0.95,"lower_bound":3386289.0,"upper_bound":3393753.3666666667},"point_estimate":3391127.0,"standard_error":2079.395597095665},"median_abs_dev":{"confidence_interval":{"confidence_level":0.95,"lower_bound":9920.025768384518,"upper_bound":17169.051315188455},"point_estimate":13755.31545579422,"standard_error":1947.7412641682383},"slope":null,"std_dev":{"confidence_interval":{"confidence_level":0.95,"lower_bound":13776.801813056361,"upper_bound":37161.90658329946},"point_estimate":27030.429541991274,"standard_error":5777.299064587966}}