{"mean":{"confidence_interval":{"confidence_level":0.95,"lower_bound":4423668.424812501,"upper_bound":4537453.55825},"point_estimate":4478863.4174999995,"standard_error":29235.246696478123},"median":{"confidence_interval":{"confidence_level":0.95,"lower_bound":4356438.666666666,"upper_bound":4513214.916666666},"point_estimate":4465234.666666666,"standard_error":45320.125483542426},"median_abs_dev":{"confidence_interval":{"confidence_level":0.95,"lower_bound":218009.28377956152,"upper_bound":347857.9222492869},"point_estimate":279819.247332216,"standard_error":33098.66570592523},"slope":null,"std_dev":{"confidence_interval":{"confidence_level":0.95,"lower_bound":236986.36145307074,"upper_bound":348464.2792878545},"point_estimate":293159.6653028703,"standard_error":28709.599924535258}}