{"mean":{"confidence_interval":{"confidence_level":0.95,"lower_bound":3135617.19690625,"upper_bound":3138703.6125},"point_estimate":3137138.6575,"standard_error":784.3724382581237},"median":{"confidence_interval":{"confidence_level":0.95,"lower_bound":3136707.4375,"upper_bound":3139007.4375},"point_estimate":3137463.6875,"standard_error":655.9386901849468},"median_abs_dev":{"confidence_interval":{"confidence_level":0.95,"lower_bound":3271.355683640577,"upper_bound":6050.861142575741},"point_estimate":4508.030544966459,"standard_error":752.8072583688439},"slope":null,"std_dev":{"confidence_interval":{"confidence_level":0.95,"lower_bound":5950.695337005233,"upper_bound":9770.13837496535},"point_estimate":7886.838176420563,"standard_error":985.0459988039072}}