{"mean":{"confidence_interval":{"confidence_level":0.95,"lower_bound":3061535.691249999,"upper_bound":3079468.40142647},"point_estimate":3070431.555294116,"standard_error":4583.802337105367},"median":{"confidence_interval":{"confidence_level":0.95,"lower_bound":3056773.147058823,"upper_bound":3084655.8235294116},"point_estimate":3068170.3235294116,"standard_error":7134.326537299911},"median_abs_dev":{"confidence_interval":{"confidence_level":0.95,"lower_bound":41787.9523757624,"upper_bound":62945.74414719525},"point_estimate":52114.04316302644,"standard_error":5598.253829406914},"slope":null,"std_dev":{"confidence_interval":{"confidence_level":0.95,"lower_bound":40601.71808501339,"upper_bound":50480.83283537702},"point_estimate":45836.912236433884,"standard_error":2533.446839705585}}