{"mean":{"confidence_interval":{"confidence_level":0.95,"lower_bound":2967217.7942647054,"upper_bound":2972552.4325588224},"point_estimate":2969735.529999999,"standard_error":1365.9900436211196},"median":{"confidence_interval":{"confidence_level":0.95,"lower_bound":2965511.0,"upper_bound":2968552.2352941176},"point_estimate":2966995.176470588,"standard_error":793.8502458413063},"median_abs_dev":{"confidence_interval":{"confidence_level":0.95,"lower_bound":5180.46485317503,"upper_bound":8603.571253138247},"point_estimate":6677.848310856725,"standard_error":839.6283456979136},"slope":null,"std_dev":{"confidence_interval":{"confidence_level":0.95,"lower_bound":9208.690878124795,"upper_bound":17475.289147141888},"point_estimate":13681.083731114826,"standard_error":2122.6380989374748}}