{"mean":{"confidence_interval":{"confidence_level":0.95,"lower_bound":3533556.6086333315,"upper_bound":3536586.568333333},"point_estimate":3534974.7133333324,"standard_error":775.3871444815878},"median":{"confidence_interval":{"confidence_level":0.95,"lower_bound":3532482.533333333,"upper_bound":3534856.066666667},"point_estimate":3533652.5999999996,"standard_error":680.7303866806394},"median_abs_dev":{"confidence_interval":{"confidence_level":0.95,"lower_bound":3716.7792940143454,"upper_bound":6261.958668827964},"point_estimate":4902.809852957933,"standard_error":636.7091870731168},"slope":null,"std_dev":{"confidence_interval":{"confidence_level":0.95,"lower_bound":4907.028061258671,"upper_bound":10390.234935058743},"point_estimate":7792.256407234983,"standard_error":1424.477034459592}}