{"mean":{"confidence_interval":{"confidence_level":0.95,"lower_bound":3822687.503500001,"upper_bound":3826912.1072500004},"point_estimate":3824825.2535714293,"standard_error":1079.5935154974015},"median":{"confidence_interval":{"confidence_level":0.95,"lower_bound":3825206.7142857146,"upper_bound":3828872.035714286},"point_estimate":3827082.1071428573,"standard_error":957.5494393171947},"median_abs_dev":{"confidence_interval":{"confidence_level":0.95,"lower_bound":7053.7870747702955,"upper_bound":12459.82312879387},"point_estimate":9541.642780601978,"standard_error":1444.880502477433},"slope":null,"std_dev":{"confidence_interval":{"confidence_level":0.95,"lower_bound":9261.866711179573,"upper_bound":12269.939008645662},"point_estimate":10852.16073196006,"standard_error":771.5856011806894}}