{"mean":{"confidence_interval":{"confidence_level":0.95,"lower_bound":3487200.5914666657,"upper_bound":3490851.9647000018},"point_estimate":3488990.886666666,"standard_error":932.6945826298071},"median":{"confidence_interval":{"confidence_level":0.95,"lower_bound":3484670.466666667,"upper_bound":3489583.4},"point_estimate":3485806.4333333336,"standard_error":1154.4396890348867},"median_abs_dev":{"confidence_interval":{"confidence_level":0.95,"lower_bound":6336.088667511894,"upper_bound":11371.75553961126},"point_estimate":8792.509723901932,"standard_error":1206.7083452698614},"slope":null,"std_dev":{"confidence_interval":{"confidence_level":0.95,"lower_bound":8127.40011595248,"upper_bound":10471.066907634327},"point_estimate":9381.217747724093,"standard_error":597.3087040785721}}