{"mean":{"confidence_interval":{"confidence_level":0.95,"lower_bound":3091226.287602941,"upper_bound":3109756.1236176463},"point_estimate":3100419.367058823,"standard_error":4720.033694193107},"median":{"confidence_interval":{"confidence_level":0.95,"lower_bound":3085969.0,"upper_bound":3107757.411764706},"point_estimate":3093371.970588235,"standard_error":5835.25981541613},"median_abs_dev":{"confidence_interval":{"confidence_level":0.95,"lower_bound":38940.05224985258,"upper_bound":61842.166496199905},"point_estimate":53391.30304035055,"standard_error":5929.23098647932},"slope":null,"std_dev":{"confidence_interval":{"confidence_level":0.95,"lower_bound":41543.14685136468,"upper_bound":52598.322434456844},"point_estimate":47431.81630511576,"standard_error":2822.424663511139}}