{"mean":{"confidence_interval":{"confidence_level":0.95,"lower_bound":3014474.503808822,"upper_bound":3082965.0167352944},"point_estimate":3048716.8876470583,"standard_error":17441.01662284187},"median":{"confidence_interval":{"confidence_level":0.95,"lower_bound":2983809.0139705916,"upper_bound":3094100.088235294},"point_estimate":3037649.117647059,"standard_error":26395.519429591146},"median_abs_dev":{"confidence_interval":{"confidence_level":0.95,"lower_bound":159164.17132721236,"upper_bound":252002.75023193937},"point_estimate":217924.143295779,"standard_error":23377.68140018535},"slope":null,"std_dev":{"confidence_interval":{"confidence_level":0.95,"lower_bound":155140.04053562868,"upper_bound":189796.2216451834},"point_estimate":173675.76119759656,"standard_error":8840.406401843044}}