{"mean":{"confidence_interval":{"confidence_level":0.95,"lower_bound":3161637.456171875,"upper_bound":3172867.842625},"point_estimate":3166929.6675,"standard_error":2874.60578679053},"median":{"confidence_interval":{"confidence_level":0.95,"lower_bound":3152716.71875,"upper_bound":3157705.1875},"point_estimate":3155504.25,"standard_error":1148.622804108952},"median_abs_dev":{"confidence_interval":{"confidence_level":0.95,"lower_bound":5939.666144549847,"upper_bound":12771.764810755849},"point_estimate":9471.49726934731,"standard_error":1624.6915328571554},"slope":null,"std_dev":{"confidence_interval":{"confidence_level":0.95,"lower_bound":20402.60965995161,"upper_bound":36158.71784805842},"point_estimate":28853.42861576852,"standard_error":4035.145017229722}}