{"mean":{"confidence_interval":{"confidence_level":0.95,"lower_bound":2116243.3771562492,"upper_bound":2123192.3204583325},"point_estimate":2119658.795833333,"standard_error":1776.347032845514},"median":{"confidence_interval":{"confidence_level":0.95,"lower_bound":2110789.708333333,"upper_bound":2117373.520833333},"point_estimate":2114431.6666666665,"standard_error":1797.867786876677},"median_abs_dev":{"confidence_interval":{"confidence_level":0.95,"lower_bound":11277.599012907394,"upper_bound":20572.61900976312},"point_estimate":17103.705721348295,"standard_error":2518.574249243023},"slope":null,"std_dev":{"confidence_interval":{"confidence_level":0.95,"lower_bound":15437.798351887634,"upper_bound":19704.21153205518},"point_estimate":17791.77378875141,"standard_error":1089.2908296400954}}