{"mean":{"confidence_interval":{"confidence_level":0.95,"lower_bound":4742040.10127273,"upper_bound":4814059.020454544},"point_estimate":4776985.368181817,"standard_error":18414.88646290316},"median":{"confidence_interval":{"confidence_level":0.95,"lower_bound":4694335.454545454,"upper_bound":4756960.954545455},"point_estimate":4717045.5,"standard_error":15432.32575043578},"median_abs_dev":{"confidence_interval":{"confidence_level":0.95,"lower_bound":104750.1679509951,"upper_bound":187321.31757438183},"point_estimate":136000.9173127733,"standard_error":21661.20747593465},"slope":null,"std_dev":{"confidence_interval":{"confidence_level":0.95,"lower_bound":150861.21777809033,"upper_bound":215748.444886931},"point_estimate":185574.37783854172,"standard_error":16636.331426639106}}