{"mean":{"confidence_interval":{"confidence_level":0.95,"lower_bound":2751229.8924473673,"upper_bound":2768135.012986841},"point_estimate":2759692.668421052,"standard_error":4313.550718953891},"median":{"confidence_interval":{"confidence_level":0.95,"lower_bound":2749271.552631579,"upper_bound":2774670.6315789474},"point_estimate":2765075.236842105,"standard_error":6939.078508661315},"median_abs_dev":{"confidence_interval":{"confidence_level":0.95,"lower_bound":36013.99202378185,"upper_bound":56444.02458212883},"point_estimate":45799.77610268085,"standard_error":5183.196952975972},"slope":null,"std_dev":{"confidence_interval":{"confidence_level":0.95,"lower_bound":37859.95477466572,"upper_bound":48403.91347822855},"point_estimate":43384.38814632837,"standard_error":2685.7549454816185}}