{"mean":{"confidence_interval":{"confidence_level":0.95,"lower_bound":4633557.848931819,"upper_bound":4715219.097977272},"point_estimate":4672909.927272728,"standard_error":20816.032923465536},"median":{"confidence_interval":{"confidence_level":0.95,"lower_bound":4588888.090909091,"upper_bound":4652323.636363637},"point_estimate":4624987.681818182,"standard_error":14537.12432145457},"median_abs_dev":{"confidence_interval":{"confidence_level":0.95,"lower_bound":119269.97878253598,"upper_bound":232170.23634179184},"point_estimate":179447.90302325317,"standard_error":27181.060743680304},"slope":null,"std_dev":{"confidence_interval":{"confidence_level":0.95,"lower_bound":164691.94047781522,"upper_bound":258248.6994169872},"point_estimate":209393.8494911142,"standard_error":24511.48613353017}}