{"mean":{"confidence_interval":{"confidence_level":0.95,"lower_bound":2901086.1635694453,"upper_bound":2902997.0426805546},"point_estimate":2902033.4133333326,"standard_error":485.8294804222633},"median":{"confidence_interval":{"confidence_level":0.95,"lower_bound":2900973.777777778,"upper_bound":2902513.527777778},"point_estimate":2901705.1944444445,"standard_error":391.8203502836086},"median_abs_dev":{"confidence_interval":{"confidence_level":0.95,"lower_bound":3513.0185784647883,"upper_bound":6082.901775340086},"point_estimate":4723.769432803148,"standard_error":652.1095652798641},"slope":null,"std_dev":{"confidence_interval":{"confidence_level":0.95,"lower_bound":4183.637855313626,"upper_bound":5502.571554386546},"point_estimate":4884.94105341033,"standard_error":336.83573814370374}}