{"mean":{"confidence_interval":{"confidence_level":0.95,"lower_bound":3699686.094321427,"upper_bound":3722082.361732142},"point_estimate":3710856.0164285726,"standard_error":5698.68359600527},"median":{"confidence_interval":{"confidence_level":0.95,"lower_bound":3692459.5714285714,"upper_bound":3725161.5714285714},"point_estimate":3710832.3571428573,"standard_error":8923.12797649153},"median_abs_dev":{"confidence_interval":{"confidence_level":0.95,"lower_bound":48674.49843585491,"upper_bound":78167.44008350062},"point_estimate":65244.08869168618,"standard_error":7684.763847183269},"slope":null,"std_dev":{"confidence_interval":{"confidence_level":0.95,"lower_bound":50372.10550131097,"upper_bound":64116.67498830011},"point_estimate":57496.0877230772,"standard_error":3503.723257684742}}