{"mean":{"confidence_interval":{"confidence_level":0.95,"lower_bound":2966314.3697352945,"upper_bound":2972233.8830147064},"point_estimate":2969050.4235294126,"standard_error":1514.0688732742967},"median":{"confidence_interval":{"confidence_level":0.95,"lower_bound":2963961.529411765,"upper_bound":2965880.882352941},"point_estimate":2965314.470588235,"standard_error":511.9569987461179},"median_abs_dev":{"confidence_interval":{"confidence_level":0.95,"lower_bound":3876.039601774655,"upper_bound":6362.147178960666},"point_estimate":4944.994182796918,"standard_error":614.8887477194039},"slope":null,"std_dev":{"confidence_interval":{"confidence_level":0.95,"lower_bound":9610.506812296368,"upper_bound":19762.682659230377},"point_estimate":15222.780725078112,"standard_error":2589.2989360909914}}