{"mean":{"confidence_interval":{"confidence_level":0.95,"lower_bound":4624060.888229164,"upper_bound":4694547.857979167},"point_estimate":4658264.7525,"standard_error":17976.950715066796},"median":{"confidence_interval":{"confidence_level":0.95,"lower_bound":4594148.333333333,"upper_bound":4689523.75},"point_estimate":4639127.666666666,"standard_error":27464.392500556507},"median_abs_dev":{"confidence_interval":{"confidence_level":0.95,"lower_bound":119108.86958539578,"upper_bound":187055.99240971677},"point_estimate":144294.7837382555,"standard_error":17463.219696368604},"slope":null,"std_dev":{"confidence_interval":{"confidence_level":0.95,"lower_bound":142067.33122356658,"upper_bound":218369.6956316904},"point_estimate":181259.2074546854,"standard_error":19562.194138279752}}