{"mean":{"confidence_interval":{"confidence_level":0.95,"lower_bound":3372181.616700001,"upper_bound":3395482.211683334},"point_estimate":3383977.622666667,"standard_error":5942.929748884191},"median":{"confidence_interval":{"confidence_level":0.95,"lower_bound":3371111.8666666667,"upper_bound":3410250.933333333},"point_estimate":3394912.5,"standard_error":10929.879240653894},"median_abs_dev":{"confidence_interval":{"confidence_level":0.95,"lower_bound":48532.91013836861,"upper_bound":80360.87217330979},"point_estimate":58846.1226552726,"standard_error":8291.524595795841},"slope":null,"std_dev":{"confidence_interval":{"confidence_level":0.95,"lower_bound":52341.93970858366,"upper_bound":66353.88671479862},"point_estimate":59801.94082397631,"standard_error":3563.942729556202}}