{"mean":{"confidence_interval":{"confidence_level":0.95,"lower_bound":4850126.1799090905,"upper_bound":4915576.098681816},"point_estimate":4881643.346363637,"standard_error":16694.914534847565},"median":{"confidence_interval":{"confidence_level":0.95,"lower_bound":4816261.045454545,"upper_bound":4860606.636363637},"point_estimate":4838324.818181818,"standard_error":10510.610156947932},"median_abs_dev":{"confidence_interval":{"confidence_level":0.95,"lower_bound":81226.59823975767,"upper_bound":157162.87542798315},"point_estimate":118621.88042131356,"standard_error":19647.20393609812},"slope":null,"std_dev":{"confidence_interval":{"confidence_level":0.95,"lower_bound":131152.6672218799,"upper_bound":199440.66580527154},"point_estimate":167630.23553545875,"standard_error":17420.250668636185}}