{"mean":{"confidence_interval":{"confidence_level":0.95,"lower_bound":2855481.245430556,"upper_bound":2864308.8883888903},"point_estimate":2859540.1949999994,"standard_error":2271.7877617911354},"median":{"confidence_interval":{"confidence_level":0.95,"lower_bound":2851292.777777778,"upper_bound":2853217.138888889},"point_estimate":2852530.416666667,"standard_error":477.6825322084126},"median_abs_dev":{"confidence_interval":{"confidence_level":0.95,"lower_bound":3050.7789125045524,"upper_bound":5768.92004758108},"point_estimate":4459.290070832121,"standard_error":729.3133154218126},"slope":null,"std_dev":{"confidence_interval":{"confidence_level":0.95,"lower_bound":13691.051966654697,"upper_bound":30199.277721479742},"point_estimate":22869.103225218416,"standard_error":4218.9830615987}}