{"mean":{"confidence_interval":{"confidence_level":0.95,"lower_bound":3444147.341683332,"upper_bound":3446676.8146500015},"point_estimate":3445332.7786666667,"standard_error":644.2652610090081},"median":{"confidence_interval":{"confidence_level":0.95,"lower_bound":3443729.2,"upper_bound":3445509.3333333335},"point_estimate":3444680.333333333,"standard_error":533.6994885751063},"median_abs_dev":{"confidence_interval":{"confidence_level":0.95,"lower_bound":3108.8144648075563,"upper_bound":5194.43726777976},"point_estimate":4247.006464600195,"standard_error":534.8900190689274},"slope":null,"std_dev":{"confidence_interval":{"confidence_level":0.95,"lower_bound":4206.744961104752,"upper_bound":8559.673586945759},"point_estimate":6473.3050943766575,"standard_error":1131.9905817915858}}