{"mean":{"confidence_interval":{"confidence_level":0.95,"lower_bound":1461569.5980129677,"upper_bound":1468455.4999258444},"point_estimate":1465007.2867190444,"standard_error":1761.7191512197421},"median":{"confidence_interval":{"confidence_level":0.95,"lower_bound":1459107.2045454546,"upper_bound":1472516.6991509434},"point_estimate":1467292.8361751153,"standard_error":3537.925010234559},"median_abs_dev":{"confidence_interval":{"confidence_level":0.95,"lower_bound":15984.019437455818,"upper_bound":26072.395501002233},"point_estimate":23801.18739869449,"standard_error":2648.129272602088},"slope":{"confidence_interval":{"confidence_level":0.95,"lower_bound":1451315.4587049733,"upper_bound":1458502.9493267501},"point_estimate":1454802.119926112,"standard_error":1834.5663981255893},"std_dev":{"confidence_interval":{"confidence_level":0.95,"lower_bound":15800.984770937856,"upper_bound":19562.58282076086},"point_estimate":17785.589322896387,"standard_error":966.0700967643841}}