{"mean":{"confidence_interval":{"confidence_level":0.95,"lower_bound":2911790.9312361125,"upper_bound":2919410.1382916677},"point_estimate":2915216.915555556,"standard_error":1958.6861083624754},"median":{"confidence_interval":{"confidence_level":0.95,"lower_bound":2909464.277777778,"upper_bound":2911130.9444444445},"point_estimate":2910347.611111111,"standard_error":438.1201928334279},"median_abs_dev":{"confidence_interval":{"confidence_level":0.95,"lower_bound":2355.727808177586,"upper_bound":3978.392296036238},"point_estimate":3022.897796332951,"standard_error":412.34875893588753},"slope":null,"std_dev":{"confidence_interval":{"confidence_level":0.95,"lower_bound":9742.832728353162,"upper_bound":27927.95588858641},"point_estimate":19696.297398674044,"standard_error":4677.1577591421365}}