{"mean":{"confidence_interval":{"confidence_level":0.95,"lower_bound":2023282.8982199999,"upper_bound":2031178.8222499997},"point_estimate":2027105.9043999999,"standard_error":2014.360546452617},"median":{"confidence_interval":{"confidence_level":0.95,"lower_bound":2017849.92,"upper_bound":2023870.24},"point_estimate":2021800.12,"standard_error":1748.5282656417185},"median_abs_dev":{"confidence_interval":{"confidence_level":0.95,"lower_bound":9803.484761953334,"upper_bound":18782.643938541372},"point_estimate":14094.366301774833,"standard_error":2303.8231718590123},"slope":null,"std_dev":{"confidence_interval":{"confidence_level":0.95,"lower_bound":16699.579332038622,"upper_bound":23022.898642536624},"point_estimate":20158.293384645105,"standard_error":1615.9873604336901}}