{"mean":{"confidence_interval":{"confidence_level":0.95,"lower_bound":3461878.2615499976,"upper_bound":3482958.810083333},"point_estimate":3472542.1586666666,"standard_error":5372.718997356043},"median":{"confidence_interval":{"confidence_level":0.95,"lower_bound":3461720.466666667,"upper_bound":3492387.666666667},"point_estimate":3479687.466666667,"standard_error":8096.2512394599635},"median_abs_dev":{"confidence_interval":{"confidence_level":0.95,"lower_bound":52287.149791717464,"upper_bound":82927.99402773392},"point_estimate":69371.94000840162,"standard_error":8091.079208567461},"slope":null,"std_dev":{"confidence_interval":{"confidence_level":0.95,"lower_bound":48580.28143388332,"upper_bound":58559.8569724418},"point_estimate":53947.07367660938,"standard_error":2545.1475372033015}}