{"mean":{"confidence_interval":{"confidence_level":0.95,"lower_bound":4472624.401318183,"upper_bound":4568040.135954544},"point_estimate":4519528.678181816,"standard_error":24308.220582278514},"median":{"confidence_interval":{"confidence_level":0.95,"lower_bound":4423757.7272727275,"upper_bound":4566400.749999997},"point_estimate":4481280.636363637,"standard_error":40574.39368604666},"median_abs_dev":{"confidence_interval":{"confidence_level":0.95,"lower_bound":186990.49560752802,"upper_bound":308260.83870909415},"point_estimate":237547.49166450775,"standard_error":30039.48306325912},"slope":null,"std_dev":{"confidence_interval":{"confidence_level":0.95,"lower_bound":200215.17333841222,"upper_bound":291583.5698232691},"point_estimate":243985.53670710107,"standard_error":23751.33308851866}}