{"mean":{"confidence_interval":{"confidence_level":0.95,"lower_bound":2660931.112775,"upper_bound":2684470.4623749997},"point_estimate":2672479.2310000006,"standard_error":6013.574092856786},"median":{"confidence_interval":{"confidence_level":0.95,"lower_bound":2645484.725,"upper_bound":2679321.85},"point_estimate":2661629.55,"standard_error":8700.103987570668},"median_abs_dev":{"confidence_interval":{"confidence_level":0.95,"lower_bound":50474.41186889996,"upper_bound":83232.31002733119},"point_estimate":72820.86290717125,"standard_error":8929.926690290089},"slope":null,"std_dev":{"confidence_interval":{"confidence_level":0.95,"lower_bound":53001.02161150263,"upper_bound":66906.3691327293},"point_estimate":60564.77899497146,"standard_error":3553.940836482003}}