{"mean":{"confidence_interval":{"confidence_level":0.95,"lower_bound":2767896.821710525,"upper_bound":2784307.8432763154},"point_estimate":2775952.6594736846,"standard_error":4177.514876247597},"median":{"confidence_interval":{"confidence_level":0.95,"lower_bound":2765956.5263157897,"upper_bound":2780077.5789473685},"point_estimate":2774411.789473684,"standard_error":3017.23488001928},"median_abs_dev":{"confidence_interval":{"confidence_level":0.95,"lower_bound":23627.72759105026,"upper_bound":41465.90228488494},"point_estimate":30498.56405854225,"standard_error":4372.869210794638},"slope":null,"std_dev":{"confidence_interval":{"confidence_level":0.95,"lower_bound":33637.54435319408,"upper_bound":50184.39799181143},"point_estimate":42089.983416501476,"standard_error":4243.024053948407}}