{"mean":{"confidence_interval":{"confidence_level":0.95,"lower_bound":3527566.8331999993,"upper_bound":3547492.4794333344},"point_estimate":3536481.4006666653,"standard_error":5120.76482958085},"median":{"confidence_interval":{"confidence_level":0.95,"lower_bound":3525038.4325,"upper_bound":3528055.2666666666},"point_estimate":3525681.8,"standard_error":827.7580248767678},"median_abs_dev":{"confidence_interval":{"confidence_level":0.95,"lower_bound":4220.764445065808,"upper_bound":8673.973385006526},"point_estimate":5787.477257252222,"standard_error":1101.6582422370234},"slope":null,"std_dev":{"confidence_interval":{"confidence_level":0.95,"lower_bound":24339.73984453793,"upper_bound":71590.81691647488},"point_estimate":51453.08887692243,"standard_error":12066.941713712393}}