{"mean":{"confidence_interval":{"confidence_level":0.95,"lower_bound":2951903.50425,"upper_bound":2955968.67660294},"point_estimate":2953759.8158823512,"standard_error":1042.4130299471603},"median":{"confidence_interval":{"confidence_level":0.95,"lower_bound":2950450.6470588236,"upper_bound":2951996.0588235296},"point_estimate":2951340.205882353,"standard_error":437.33054037320744},"median_abs_dev":{"confidence_interval":{"confidence_level":0.95,"lower_bound":2455.621615227775,"upper_bound":4273.476688248466},"point_estimate":3405.619351302856,"standard_error":458.04741510401897},"slope":null,"std_dev":{"confidence_interval":{"confidence_level":0.95,"lower_bound":5944.540326780314,"upper_bound":14491.621862318676},"point_estimate":10440.365515039897,"standard_error":2205.561595070712}}