{"mean":{"confidence_interval":{"confidence_level":0.95,"lower_bound":1783652.8991297614,"upper_bound":1813916.5963418782},"point_estimate":1798288.3281643724,"standard_error":7749.204638141608},"median":{"confidence_interval":{"confidence_level":0.95,"lower_bound":1770728.6741573033,"upper_bound":1801472.9425287356},"point_estimate":1783361.915625,"standard_error":8422.00003385218},"median_abs_dev":{"confidence_interval":{"confidence_level":0.95,"lower_bound":48274.89990576172,"upper_bound":83943.54701411017},"point_estimate":64980.01186737418,"standard_error":8993.87399028185},"slope":{"confidence_interval":{"confidence_level":0.95,"lower_bound":1791193.1468435104,"upper_bound":1820668.1588372346},"point_estimate":1805321.9184779075,"standard_error":7502.095320337108},"std_dev":{"confidence_interval":{"confidence_level":0.95,"lower_bound":62757.61310928607,"upper_bound":92974.1135683598},"point_estimate":78174.41971536321,"standard_error":7787.119342583577}}