{"mean":{"confidence_interval":{"confidence_level":0.95,"lower_bound":4702461.995022728,"upper_bound":4763596.941068183},"point_estimate":4732090.199090909,"standard_error":15589.539456431761},"median":{"confidence_interval":{"confidence_level":0.95,"lower_bound":4666868.818181818,"upper_bound":4752213.136363637},"point_estimate":4706069.318181818,"standard_error":20936.747473506646},"median_abs_dev":{"confidence_interval":{"confidence_level":0.95,"lower_bound":103709.14858606679,"upper_bound":170763.30411380087},"point_estimate":140501.34953287535,"standard_error":16807.153899116907},"slope":null,"std_dev":{"confidence_interval":{"confidence_level":0.95,"lower_bound":127724.96182513572,"upper_bound":182402.09180384933},"point_estimate":156822.6642548165,"standard_error":13987.432358363856}}