{"mean":{"confidence_interval":{"confidence_level":0.95,"lower_bound":856677.8703364246,"upper_bound":858567.5331285617},"point_estimate":857608.9459082742,"standard_error":479.9117482082709},"median":{"confidence_interval":{"confidence_level":0.95,"lower_bound":855152.5185185185,"upper_bound":858141.8673360108},"point_estimate":856748.8705357143,"standard_error":767.476203654609},"median_abs_dev":{"confidence_interval":{"confidence_level":0.95,"lower_bound":3182.787029628293,"upper_bound":5660.698911076676},"point_estimate":4395.609684494262,"standard_error":597.4631462802681},"slope":{"confidence_interval":{"confidence_level":0.95,"lower_bound":856605.2869363788,"upper_bound":858948.41152415},"point_estimate":857765.060332496,"standard_error":600.4882483630249},"std_dev":{"confidence_interval":{"confidence_level":0.95,"lower_bound":4046.5349557216323,"upper_bound":5515.707900428864},"point_estimate":4815.870893474236,"standard_error":376.09381294136256}}