{"mean":{"confidence_interval":{"confidence_level":0.95,"lower_bound":0.9475316111293834,"upper_bound":0.986585453872159},"point_estimate":0.9656419769876452,"standard_error":0.010173740602871536},"median":{"confidence_interval":{"confidence_level":0.95,"lower_bound":0.9261881753597068,"upper_bound":0.9459996054235336},"point_estimate":0.9339745958246328,"standard_error":0.004999293671959337}}