{"mean":{"confidence_interval":{"confidence_level":0.95,"lower_bound":-0.1261822982167931,"upper_bound":-0.12392545032598577},"point_estimate":-0.12504523854340377,"standard_error":0.0005791129427239998},"median":{"confidence_interval":{"confidence_level":0.95,"lower_bound":-0.12655300896554633,"upper_bound":-0.12444138864945242},"point_estimate":-0.12522853805942635,"standard_error":0.0005701337787013846}}