{"mean":{"confidence_interval":{"confidence_level":0.95,"lower_bound":-0.12574767076441612,"upper_bound":-0.11364995136480949},"point_estimate":-0.119533803323015,"standard_error":0.0030862030678037076},"median":{"confidence_interval":{"confidence_level":0.95,"lower_bound":-0.12848493858368307,"upper_bound":-0.11052344719436613},"point_estimate":-0.12049558143342476,"standard_error":0.004527090671648207}}