{"mean":{"confidence_interval":{"confidence_level":0.95,"lower_bound":0.23888274222364295,"upper_bound":0.2838108633594987},"point_estimate":0.2575547006320207,"standard_error":0.011408135145172821},"median":{"confidence_interval":{"confidence_level":0.95,"lower_bound":0.2220203256357669,"upper_bound":0.25378727368878984},"point_estimate":0.2368218651006917,"standard_error":0.008074779471868824}}