{"mean":{"confidence_interval":{"confidence_level":0.95,"lower_bound":0.04193624602687196,"upper_bound":0.05631467705427499},"point_estimate":0.049252673223852295,"standard_error":0.0036556551234780393},"median":{"confidence_interval":{"confidence_level":0.95,"lower_bound":0.04151614097557377,"upper_bound":0.06320033146408433},"point_estimate":0.05126428741156541,"standard_error":0.005448375382067771}}