{"mean":{"confidence_interval":{"confidence_level":0.95,"lower_bound":0.9614412519084369,"upper_bound":0.9919753604688598},"point_estimate":0.9740322800013603,"standard_error":0.007440634469049839},"median":{"confidence_interval":{"confidence_level":0.95,"lower_bound":0.9373255071722262,"upper_bound":0.9662716033183756},"point_estimate":0.9511977029770038,"standard_error":0.00797489410878624}}