{"mean":{"confidence_interval":{"confidence_level":0.95,"lower_bound":-0.1212184661474049,"upper_bound":-0.10863965343867946},"point_estimate":-0.11462665434368247,"standard_error":0.0031911422375568914},"median":{"confidence_interval":{"confidence_level":0.95,"lower_bound":-0.12325568632751105,"upper_bound":-0.10480186472066516},"point_estimate":-0.11486053125148965,"standard_error":0.004597147409755621}}