{"mean":{"confidence_interval":{"confidence_level":0.95,"lower_bound":0.07844384142345072,"upper_bound":0.09341655609239553},"point_estimate":0.08611351157969671,"standard_error":0.0038149839526739797},"median":{"confidence_interval":{"confidence_level":0.95,"lower_bound":0.07610729182697318,"upper_bound":0.09802977493662057},"point_estimate":0.08564159223042567,"standard_error":0.005622871711552623}}