{"mean":{"confidence_interval":{"confidence_level":0.95,"lower_bound":-0.11820762272765636,"upper_bound":-0.10514598465112013},"point_estimate":-0.11126105676967868,"standard_error":0.003338368964667063},"median":{"confidence_interval":{"confidence_level":0.95,"lower_bound":-0.11870784045165872,"upper_bound":-0.09862189998069555},"point_estimate":-0.10995263734427674,"standard_error":0.00508382137269942}}