{"mean":{"confidence_interval":{"confidence_level":0.95,"lower_bound":-0.1535733124323374,"upper_bound":-0.15034390727878},"point_estimate":-0.15191734699273707,"standard_error":0.0008241341526592307},"median":{"confidence_interval":{"confidence_level":0.95,"lower_bound":-0.1545683960482015,"upper_bound":-0.15137369703988332},"point_estimate":-0.15260558151955006,"standard_error":0.0007975245175329417}}