{"mean":{"confidence_interval":{"confidence_level":0.95,"lower_bound":0.018252684770748262,"upper_bound":0.05861073715311407},"point_estimate":0.038208682965794605,"standard_error":0.010254441838680213},"median":{"confidence_interval":{"confidence_level":0.95,"lower_bound":0.014695749371808287,"upper_bound":0.05159459200528249},"point_estimate":0.03208614264601972,"standard_error":0.00925828068924433}}