{"mean":{"confidence_interval":{"confidence_level":0.95,"lower_bound":-0.061143945199968124,"upper_bound":-0.0354359999932534},"point_estimate":-0.04814278434271202,"standard_error":0.006570220087543868},"median":{"confidence_interval":{"confidence_level":0.95,"lower_bound":-0.050480994207130925,"upper_bound":-0.023328402545980453},"point_estimate":-0.03704637915614695,"standard_error":0.006534711453725138}}