{"mean":{"confidence_interval":{"confidence_level":0.95,"lower_bound":0.3190548752091757,"upper_bound":0.351485429940204},"point_estimate":0.335257221076521,"standard_error":0.008327229133414028},"median":{"confidence_interval":{"confidence_level":0.95,"lower_bound":0.30367425540833715,"upper_bound":0.3466736079541048},"point_estimate":0.3251506219393996,"standard_error":0.010308699420179384}}