{"mean":{"confidence_interval":{"confidence_level":0.95,"lower_bound":0.03866195537767059,"upper_bound":0.044601818559764375},"point_estimate":0.041832136975179735,"standard_error":0.0014680698325698499},"median":{"confidence_interval":{"confidence_level":0.95,"lower_bound":0.036852186899431816,"upper_bound":0.04257103018829289},"point_estimate":0.039699337973299276,"standard_error":0.0014808118586661298}}