{"mean":{"confidence_interval":{"confidence_level":0.95,"lower_bound":0.05481493000678405,"upper_bound":0.05688939353530105},"point_estimate":0.055850441850704424,"standard_error":0.0005285669411780454},"median":{"confidence_interval":{"confidence_level":0.95,"lower_bound":0.054817831879978046,"upper_bound":0.05732602164875922},"point_estimate":0.05593599488936585,"standard_error":0.0005849014292458617}}