{"mean":{"confidence_interval":{"confidence_level":0.95,"lower_bound":0.09642456113623435,"upper_bound":0.13649913135523134},"point_estimate":0.1177771922426103,"standard_error":0.010374729439597842},"median":{"confidence_interval":{"confidence_level":0.95,"lower_bound":0.09223218029184621,"upper_bound":0.14714753762732768},"point_estimate":0.12002056243243331,"standard_error":0.014046062871620614}}