{"mean":{"confidence_interval":{"confidence_level":0.95,"lower_bound":0.04204932955520429,"upper_bound":0.05812076398991918},"point_estimate":0.050052076132534706,"standard_error":0.004117309305421358},"median":{"confidence_interval":{"confidence_level":0.95,"lower_bound":0.04312954566341687,"upper_bound":0.06603359831197442},"point_estimate":0.053498849822820604,"standard_error":0.005730695638900695}}