{"mean":{"confidence_interval":{"confidence_level":0.95,"lower_bound":0.8022310055279767,"upper_bound":0.8132984548384103},"point_estimate":0.8071850206078846,"standard_error":0.0028248235416523867},"median":{"confidence_interval":{"confidence_level":0.95,"lower_bound":0.8044831735945329,"upper_bound":0.8091435164227083},"point_estimate":0.8075455631596735,"standard_error":0.0012676295858464778}}