{"mean":{"confidence_interval":{"confidence_level":0.95,"lower_bound":0.18986602640194217,"upper_bound":0.21778781644790032},"point_estimate":0.2033172422718763,"standard_error":0.007148114069040171},"median":{"confidence_interval":{"confidence_level":0.95,"lower_bound":0.17747159708038662,"upper_bound":0.21455370187042133},"point_estimate":0.19812082018960453,"standard_error":0.008802357536350327}}