{"mean":{"confidence_interval":{"confidence_level":0.95,"lower_bound":0.17977597724811753,"upper_bound":0.19707241452216825},"point_estimate":0.18868176154474692,"standard_error":0.004541853572526054},"median":{"confidence_interval":{"confidence_level":0.95,"lower_bound":0.1714385564110672,"upper_bound":0.1879369247651943},"point_estimate":0.1780162228587845,"standard_error":0.0049491325148701805}}