{"mean":{"confidence_interval":{"confidence_level":0.95,"lower_bound":0.11341209480056413,"upper_bound":0.1286143383249081},"point_estimate":0.1211667703504935,"standard_error":0.003868058265493269},"median":{"confidence_interval":{"confidence_level":0.95,"lower_bound":0.11203698716730015,"upper_bound":0.1349301585695275},"point_estimate":0.1221850871850827,"standard_error":0.005820101455751432}}