{"mean":{"confidence_interval":{"confidence_level":0.95,"lower_bound":0.21210446883716086,"upper_bound":0.24022061312378484},"point_estimate":0.22610884561839417,"standard_error":0.006679956407355442},"median":{"confidence_interval":{"confidence_level":0.95,"lower_bound":0.21039852773991097,"upper_bound":0.2353836933022566},"point_estimate":0.21926990381852818,"standard_error":0.006659541403107016}}