{"mean":{"confidence_interval":{"confidence_level":0.95,"lower_bound":0.3238165151544907,"upper_bound":0.3437247285618121},"point_estimate":0.33332436844076807,"standard_error":0.005225415584970293},"median":{"confidence_interval":{"confidence_level":0.95,"lower_bound":0.31437078107069105,"upper_bound":0.327094492869731},"point_estimate":0.3212100803904503,"standard_error":0.002858679976226765}}