{"mean":{"confidence_interval":{"confidence_level":0.95,"lower_bound":-0.12796142589442971,"upper_bound":-0.11567777934205793},"point_estimate":-0.12168627094168094,"standard_error":0.003144931252024066},"median":{"confidence_interval":{"confidence_level":0.95,"lower_bound":-0.12981559234070805,"upper_bound":-0.11180629425050359},"point_estimate":-0.12181951189604368,"standard_error":0.004546749348516347}}