{"mean":{"confidence_interval":{"confidence_level":0.95,"lower_bound":0.5415639776846873,"upper_bound":0.5456081151988891},"point_estimate":0.5435505608867719,"standard_error":0.0010289082964442381},"median":{"confidence_interval":{"confidence_level":0.95,"lower_bound":0.5416993569194526,"upper_bound":0.5450227375601049},"point_estimate":0.5439297288156766,"standard_error":0.0009266873816835438}}