{"mean":{"confidence_interval":{"confidence_level":0.95,"lower_bound":0.00963768484213051,"upper_bound":0.026356770933821494},"point_estimate":0.017998084305783202,"standard_error":0.004275743202890181},"median":{"confidence_interval":{"confidence_level":0.95,"lower_bound":0.006549955518949657,"upper_bound":0.03271805230979585},"point_estimate":0.017500850363442844,"standard_error":0.006719574881477625}}