{"mean":{"confidence_interval":{"confidence_level":0.95,"lower_bound":0.06592002698886391,"upper_bound":0.06809931941429226},"point_estimate":0.06700429917994488,"standard_error":0.0005556069986667789},"median":{"confidence_interval":{"confidence_level":0.95,"lower_bound":0.06612686318802496,"upper_bound":0.06810924901052776},"point_estimate":0.06711991499703984,"standard_error":0.0005075700464089822}}