{"mean":{"confidence_interval":{"confidence_level":0.95,"lower_bound":0.6511396731147971,"upper_bound":0.6604373038494569},"point_estimate":0.6554675945234201,"standard_error":0.0024615183101238756},"median":{"confidence_interval":{"confidence_level":0.95,"lower_bound":0.6468900425063306,"upper_bound":0.6593079571806599},"point_estimate":0.6522338054455088,"standard_error":0.0031883754160226324}}