{"mean":{"confidence_interval":{"confidence_level":0.95,"lower_bound":0.5084864903344054,"upper_bound":0.5336484067685963},"point_estimate":0.5210093029396978,"standard_error":0.006427200362542378},"median":{"confidence_interval":{"confidence_level":0.95,"lower_bound":0.5098030478614373,"upper_bound":0.5336730889008233},"point_estimate":0.5208207178741566,"standard_error":0.0072735606141576085}}