{"mean":{"confidence_interval":{"confidence_level":0.95,"lower_bound":0.03839790703196962,"upper_bound":0.05255918711923133},"point_estimate":0.0456353885766867,"standard_error":0.003605526969437795},"median":{"confidence_interval":{"confidence_level":0.95,"lower_bound":0.037567300656476316,"upper_bound":0.05870508297591104},"point_estimate":0.046852852137649004,"standard_error":0.0054219758407022985}}