{"mean":{"confidence_interval":{"confidence_level":0.95,"lower_bound":-0.041329872696199706,"upper_bound":-0.016660071852634732},"point_estimate":-0.029000575812077156,"standard_error":0.006297244266617768},"median":{"confidence_interval":{"confidence_level":0.95,"lower_bound":-0.038693681451708595,"upper_bound":-0.011921716355114076},"point_estimate":-0.025847560285732207,"standard_error":0.006459036651153742}}