{"mean":{"confidence_interval":{"confidence_level":0.95,"lower_bound":0.4529894858389984,"upper_bound":0.46036960649038194},"point_estimate":0.4570146591141988,"standard_error":0.0018259090417633143},"median":{"confidence_interval":{"confidence_level":0.95,"lower_bound":0.4530423737015976,"upper_bound":0.46243220027790977},"point_estimate":0.4578952542140151,"standard_error":0.0023667986485390443}}