{"mean":{"confidence_interval":{"confidence_level":0.95,"lower_bound":0.5247828035514446,"upper_bound":0.5562602388077256},"point_estimate":0.5397278970342974,"standard_error":0.008398492164719393},"median":{"confidence_interval":{"confidence_level":0.95,"lower_bound":0.5137636352193944,"upper_bound":0.558164607294944},"point_estimate":0.5328527380756076,"standard_error":0.01240839243651776}}