{"mean":{"confidence_interval":{"confidence_level":0.95,"lower_bound":0.05899968204146554,"upper_bound":0.09128323152054243},"point_estimate":0.07438366191227885,"standard_error":0.008193894297244318},"median":{"confidence_interval":{"confidence_level":0.95,"lower_bound":0.05118921397676868,"upper_bound":0.0846759543020481},"point_estimate":0.06839263651270211,"standard_error":0.008199220103338897}}