{"mean":{"confidence_interval":{"confidence_level":0.95,"lower_bound":0.12550653282128743,"upper_bound":0.14164528524701367},"point_estimate":0.13381160106428047,"standard_error":0.00410599118497436},"median":{"confidence_interval":{"confidence_level":0.95,"lower_bound":0.12528670227611705,"upper_bound":0.1506329134708988},"point_estimate":0.13671319986346275,"standard_error":0.006309995915676331}}