{"mean":{"confidence_interval":{"confidence_level":0.95,"lower_bound":0.09989157439808083,"upper_bound":0.11816420596163897},"point_estimate":0.10863123170210343,"standard_error":0.004644573369539172},"median":{"confidence_interval":{"confidence_level":0.95,"lower_bound":0.09611033695666349,"upper_bound":0.11882721100366544},"point_estimate":0.10629803471556065,"standard_error":0.005697836446547437}}