{"mean":{"confidence_interval":{"confidence_level":0.95,"lower_bound":0.2812360393256699,"upper_bound":0.28668577607108736},"point_estimate":0.2839716673928685,"standard_error":0.001397591850164559},"median":{"confidence_interval":{"confidence_level":0.95,"lower_bound":0.2800563037924877,"upper_bound":0.2857974100400793},"point_estimate":0.2824903598633215,"standard_error":0.0013856605725029677}}