{"mean":{"confidence_interval":{"confidence_level":0.95,"lower_bound":0.019417159034033803,"upper_bound":0.022585801630017444},"point_estimate":0.02096858289085679,"standard_error":0.0007942130916690675},"median":{"confidence_interval":{"confidence_level":0.95,"lower_bound":0.01860971950456447,"upper_bound":0.022376041120679924},"point_estimate":0.020833293491697935,"standard_error":0.0009965491188419528}}