{"mean":{"confidence_interval":{"confidence_level":0.95,"lower_bound":0.06267089317479929,"upper_bound":0.0773114662349147},"point_estimate":0.07019274454507785,"standard_error":0.0037333295231749253},"median":{"confidence_interval":{"confidence_level":0.95,"lower_bound":0.06071998276653212,"upper_bound":0.08259332678258069},"point_estimate":0.0703079068364394,"standard_error":0.0055660737309696185}}