{"mean":{"confidence_interval":{"confidence_level":0.95,"lower_bound":-0.1834126292807664,"upper_bound":-0.15987157734100002},"point_estimate":-0.17179620492370373,"standard_error":0.006030446386402258},"median":{"confidence_interval":{"confidence_level":0.95,"lower_bound":-0.1901520398958767,"upper_bound":-0.16745352738926367},"point_estimate":-0.17883072853690463,"standard_error":0.0053738242189246945}}