{"mean":{"confidence_interval":{"confidence_level":0.95,"lower_bound":0.7761382283996618,"upper_bound":0.8074859494374242},"point_estimate":0.7949451393502074,"standard_error":0.007903333739480184},"median":{"confidence_interval":{"confidence_level":0.95,"lower_bound":0.7734725662320767,"upper_bound":0.8012032711439692},"point_estimate":0.7888453510884741,"standard_error":0.008129188114715791}}