{"mean":{"confidence_interval":{"confidence_level":0.95,"lower_bound":-0.11120212034881391,"upper_bound":-0.10575873106047444},"point_estimate":-0.10846875012031298,"standard_error":0.0013317159792205246},"median":{"confidence_interval":{"confidence_level":0.95,"lower_bound":-0.11218799021949544,"upper_bound":-0.10581884451996693},"point_estimate":-0.10863176838600441,"standard_error":0.0016256866037222604}}