{"mean":{"confidence_interval":{"confidence_level":0.95,"lower_bound":0.23671642410509786,"upper_bound":0.24547193001030565},"point_estimate":0.24110307208007042,"standard_error":0.0022295200739312496},"median":{"confidence_interval":{"confidence_level":0.95,"lower_bound":0.23381857928798033,"upper_bound":0.24214450617702332},"point_estimate":0.23850117380377078,"standard_error":0.0021577171298287844}}