{"mean":{"confidence_interval":{"confidence_level":0.95,"lower_bound":0.0703990182849969,"upper_bound":0.08226516624767538},"point_estimate":0.07595571310982585,"standard_error":0.0030529483612330836},"median":{"confidence_interval":{"confidence_level":0.95,"lower_bound":0.07347653789759279,"upper_bound":0.08388791484963658},"point_estimate":0.07855381176472953,"standard_error":0.0026591001340161287}}