{"mean":{"confidence_interval":{"confidence_level":0.95,"lower_bound":0.3834343359856094,"upper_bound":0.4300691796505489},"point_estimate":0.40661712955218987,"standard_error":0.01186867306491982},"median":{"confidence_interval":{"confidence_level":0.95,"lower_bound":0.36175842294764116,"upper_bound":0.4151880859549648},"point_estimate":0.38542491756466224,"standard_error":0.015003184381302706}}