{"mean":{"confidence_interval":{"confidence_level":0.95,"lower_bound":0.6153026115136333,"upper_bound":0.6247342252874062},"point_estimate":0.6200158421223463,"standard_error":0.0023927626210454855},"median":{"confidence_interval":{"confidence_level":0.95,"lower_bound":0.6155779359900585,"upper_bound":0.6273424340925298},"point_estimate":0.6221816277852614,"standard_error":0.003096369401885771}}