{"mean":{"confidence_interval":{"confidence_level":0.95,"lower_bound":0.5729211780260205,"upper_bound":0.6095448125513266},"point_estimate":0.5936292331848392,"standard_error":0.009159273562964969},"median":{"confidence_interval":{"confidence_level":0.95,"lower_bound":0.5636502144859661,"upper_bound":0.6036452854321906},"point_estimate":0.5925950224641205,"standard_error":0.009131556192527469}}