{"mean":{"confidence_interval":{"confidence_level":0.95,"lower_bound":-0.18875351065041146,"upper_bound":-0.16716397640581232},"point_estimate":-0.17771723203802492,"standard_error":0.005527580356227507},"median":{"confidence_interval":{"confidence_level":0.95,"lower_bound":-0.17049836709268812,"upper_bound":-0.1537977076173629},"point_estimate":-0.16209682640225598,"standard_error":0.004041229212768242}}