{"mean":{"confidence_interval":{"confidence_level":0.95,"lower_bound":1.1108577175482148,"upper_bound":1.17014450934618},"point_estimate":1.1408892791594107,"standard_error":0.01510938833288433},"median":{"confidence_interval":{"confidence_level":0.95,"lower_bound":1.0859838111463178,"upper_bound":1.126994573087052},"point_estimate":1.1078526661755612,"standard_error":0.010424918339362096}}