{"mean":{"confidence_interval":{"confidence_level":0.95,"lower_bound":0.17819345159462077,"upper_bound":0.19108504401166135},"point_estimate":0.18438182079006604,"standard_error":0.003124817698479185},"median":{"confidence_interval":{"confidence_level":0.95,"lower_bound":0.1701448455983483,"upper_bound":0.18993295258068188},"point_estimate":0.17923053735433636,"standard_error":0.0045684577283250484}}