{"mean":{"confidence_interval":{"confidence_level":0.95,"lower_bound":0.06815632052536902,"upper_bound":0.10287152437709701},"point_estimate":0.08508850379223931,"standard_error":0.008865488163247531},"median":{"confidence_interval":{"confidence_level":0.95,"lower_bound":0.08856701929830746,"upper_bound":0.11341317623410463},"point_estimate":0.10027957770905394,"standard_error":0.005935654766693415}}