{"mean":{"confidence_interval":{"confidence_level":0.95,"lower_bound":0.027032811845039518,"upper_bound":0.05473926310859589},"point_estimate":0.0407711980382095,"standard_error":0.0070775499902721445},"median":{"confidence_interval":{"confidence_level":0.95,"lower_bound":0.024056877028941326,"upper_bound":0.0665806086681695},"point_estimate":0.046039740118981154,"standard_error":0.011510210356068548}}