{"mean":{"confidence_interval":{"confidence_level":0.95,"lower_bound":0.09972887228608077,"upper_bound":0.12798083012902184},"point_estimate":0.11052237795760944,"standard_error":0.007195294164721451},"median":{"confidence_interval":{"confidence_level":0.95,"lower_bound":0.08572917822929135,"upper_bound":0.11207791286274449},"point_estimate":0.09938241585232,"standard_error":0.006044086118463259}}