{"mean":{"confidence_interval":{"confidence_level":0.95,"lower_bound":0.6447379507351867,"upper_bound":0.65239943439782},"point_estimate":0.6485772847533702,"standard_error":0.0019604046364794375},"median":{"confidence_interval":{"confidence_level":0.95,"lower_bound":0.6455848857075719,"upper_bound":0.6533931123785048},"point_estimate":0.6494279767421236,"standard_error":0.0022441742148974183}}