{"mean":{"confidence_interval":{"confidence_level":0.95,"lower_bound":0.018693864697634472,"upper_bound":0.05731014644475918},"point_estimate":0.037534386592228186,"standard_error":0.009802283753365278},"median":{"confidence_interval":{"confidence_level":0.95,"lower_bound":0.02507100993957545,"upper_bound":0.06413645440799232},"point_estimate":0.040864121388700436,"standard_error":0.009945041939597407}}