{"mean":{"confidence_interval":{"confidence_level":0.95,"lower_bound":-0.08844530054153656,"upper_bound":-0.06732124178824017},"point_estimate":-0.07800687532059358,"standard_error":0.005372290706663756},"median":{"confidence_interval":{"confidence_level":0.95,"lower_bound":-0.0925726475050419,"upper_bound":-0.06222519677192673},"point_estimate":-0.07797008502281466,"standard_error":0.009206100921997234}}