{"mean":{"confidence_interval":{"confidence_level":0.95,"lower_bound":0.017806515890323914,"upper_bound":0.022974745728484833},"point_estimate":0.02040716464100467,"standard_error":0.0013323683114993135},"median":{"confidence_interval":{"confidence_level":0.95,"lower_bound":0.017967481499519877,"upper_bound":0.023664545639865642},"point_estimate":0.020144449021454847,"standard_error":0.00134634770184981}}