{"mean":{"confidence_interval":{"confidence_level":0.95,"lower_bound":-0.09331569750931479,"upper_bound":-0.07224587134345783},"point_estimate":-0.08296438895790936,"standard_error":0.005382982972757826},"median":{"confidence_interval":{"confidence_level":0.95,"lower_bound":-0.09677528094678016,"upper_bound":-0.06615898544751153},"point_estimate":-0.08218867059558466,"standard_error":0.009210928838043012}}