{"mean":{"confidence_interval":{"confidence_level":0.95,"lower_bound":-0.08009353745280856,"upper_bound":-0.07297157967005019},"point_estimate":-0.07650184873993626,"standard_error":0.0018246736170631959},"median":{"confidence_interval":{"confidence_level":0.95,"lower_bound":-0.07922571137061991,"upper_bound":-0.07230980870629133},"point_estimate":-0.07580719038431871,"standard_error":0.0017883443941552276}}