{"mean":{"confidence_interval":{"confidence_level":0.95,"lower_bound":0.7904836692512325,"upper_bound":0.8036084559889545},"point_estimate":0.7971884490516608,"standard_error":0.0033535793066893785},"median":{"confidence_interval":{"confidence_level":0.95,"lower_bound":0.7863519201215965,"upper_bound":0.804299180677883},"point_estimate":0.7936907923556054,"standard_error":0.0045818899031132366}}