{"mean":{"confidence_interval":{"confidence_level":0.95,"lower_bound":0.941253980133501,"upper_bound":0.9513491386389589},"point_estimate":0.9462258377123696,"standard_error":0.002584062085824522},"median":{"confidence_interval":{"confidence_level":0.95,"lower_bound":0.9434950509962516,"upper_bound":0.9529444638461051},"point_estimate":0.9479948825885651,"standard_error":0.0026913877613094868}}