{"mean":{"confidence_interval":{"confidence_level":0.95,"lower_bound":0.35093840818865996,"upper_bound":0.37309480949388063},"point_estimate":0.3621917074562473,"standard_error":0.005500821604475808},"median":{"confidence_interval":{"confidence_level":0.95,"lower_bound":0.3383234422677184,"upper_bound":0.3516573975586039},"point_estimate":0.3440899969010105,"standard_error":0.0035449848713734137}}