{"mean":{"confidence_interval":{"confidence_level":0.95,"lower_bound":0.06921714560184822,"upper_bound":0.07329200670485579},"point_estimate":0.07136100128402001,"standard_error":0.0010356823048733193},"median":{"confidence_interval":{"confidence_level":0.95,"lower_bound":0.0721674436099069,"upper_bound":0.07488903518370926},"point_estimate":0.07355714193153351,"standard_error":0.000674467101466099}}