{"mean":{"confidence_interval":{"confidence_level":0.95,"lower_bound":-0.10364341531022903,"upper_bound":-0.09782226015885633},"point_estimate":-0.1009966151564865,"standard_error":0.0014815408763474273},"median":{"confidence_interval":{"confidence_level":0.95,"lower_bound":-0.10640642906013198,"upper_bound":-0.10188500753527974},"point_estimate":-0.10427716457288128,"standard_error":0.001265125607051181}}