{"mean":{"confidence_interval":{"confidence_level":0.95,"lower_bound":0.13426515536306804,"upper_bound":0.16077861644235703},"point_estimate":0.14738012744366835,"standard_error":0.006789068157425624},"median":{"confidence_interval":{"confidence_level":0.95,"lower_bound":0.12758637195762024,"upper_bound":0.16566759832292233},"point_estimate":0.1457133502998127,"standard_error":0.011538799640035978}}