{"mean":{"confidence_interval":{"confidence_level":0.95,"lower_bound":0.6498793749124205,"upper_bound":0.6766063412940155},"point_estimate":0.6638238488722676,"standard_error":0.006680944553887838},"median":{"confidence_interval":{"confidence_level":0.95,"lower_bound":0.6542996106080283,"upper_bound":0.6809902089214908},"point_estimate":0.6690164915411088,"standard_error":0.006333646328018033}}