{"mean":{"confidence_interval":{"confidence_level":0.95,"lower_bound":-0.1501896158355688,"upper_bound":-0.1466876949723911},"point_estimate":-0.14852797257818973,"standard_error":0.0008871623539314256},"median":{"confidence_interval":{"confidence_level":0.95,"lower_bound":-0.15097024492997302,"upper_bound":-0.14691417696767972},"point_estimate":-0.1493334859696529,"standard_error":0.000996710689847229}}