{"mean":{"confidence_interval":{"confidence_level":0.95,"lower_bound":-0.08095863508627953,"upper_bound":-0.05882048287123845},"point_estimate":-0.06997442888732486,"standard_error":0.005662531723754667},"median":{"confidence_interval":{"confidence_level":0.95,"lower_bound":-0.08440233291331198,"upper_bound":-0.05194717957793926},"point_estimate":-0.06880906824588995,"standard_error":0.009499802908859744}}