{"mean":{"confidence_interval":{"confidence_level":0.95,"lower_bound":0.9776297495392399,"upper_bound":1.021036574085613},"point_estimate":0.9977698316215189,"standard_error":0.011228268306560334},"median":{"confidence_interval":{"confidence_level":0.95,"lower_bound":0.9707344643287119,"upper_bound":1.0064564213721674},"point_estimate":0.9862682178369682,"standard_error":0.007734778020119046}}