{"mean":{"confidence_interval":{"confidence_level":0.95,"lower_bound":1.224034957938181,"upper_bound":1.3310310819804054},"point_estimate":1.2707898086602003,"standard_error":0.02772457375237305},"median":{"confidence_interval":{"confidence_level":0.95,"lower_bound":1.1455561743355829,"upper_bound":1.2093479641660552},"point_estimate":1.1718300313572811,"standard_error":0.016248158541650896}}