{"mean":{"confidence_interval":{"confidence_level":0.95,"lower_bound":0.08873619652257192,"upper_bound":0.11397859907656849},"point_estimate":0.10119426042628521,"standard_error":0.006453011378545783},"median":{"confidence_interval":{"confidence_level":0.95,"lower_bound":0.08353175076986474,"upper_bound":0.12034394733662723},"point_estimate":0.10124874657323857,"standard_error":0.011086723294760079}}