{"mean":{"confidence_interval":{"confidence_level":0.95,"lower_bound":0.21043489401711013,"upper_bound":0.23852238141893878},"point_estimate":0.2243567286817827,"standard_error":0.007161644609935739},"median":{"confidence_interval":{"confidence_level":0.95,"lower_bound":0.20469410934881904,"upper_bound":0.24525427263928146},"point_estimate":0.2239827704406694,"standard_error":0.012304537788832073}}