{"mean":{"confidence_interval":{"confidence_level":0.95,"lower_bound":0.08737321258459252,"upper_bound":0.09212274362874563},"point_estimate":0.08974124185891252,"standard_error":0.0012136273173127818},"median":{"confidence_interval":{"confidence_level":0.95,"lower_bound":0.08947263413192075,"upper_bound":0.09348155777881306},"point_estimate":0.09139736032420775,"standard_error":0.0011608862806990173}}