{"mean":{"confidence_interval":{"confidence_level":0.95,"lower_bound":-0.06677358994347435,"upper_bound":-0.03961089668839345},"point_estimate":-0.05306133521755774,"standard_error":0.006941424262975002},"median":{"confidence_interval":{"confidence_level":0.95,"lower_bound":-0.04508352117960435,"upper_bound":-0.022474797258472567},"point_estimate":-0.034578201012277376,"standard_error":0.005508299930920302}}