{"mean":{"confidence_interval":{"confidence_level":0.95,"lower_bound":0.07726244147959703,"upper_bound":0.10222547252588815},"point_estimate":0.08957239859989352,"standard_error":0.006363938537533439},"median":{"confidence_interval":{"confidence_level":0.95,"lower_bound":0.07316093489786013,"upper_bound":0.10938907513326535},"point_estimate":0.09036717105741454,"standard_error":0.010951961091692174}}