{"mean":{"confidence_interval":{"confidence_level":0.95,"lower_bound":0.10227493716394154,"upper_bound":0.1280312231157621},"point_estimate":0.11503789316499868,"standard_error":0.006544569893033544},"median":{"confidence_interval":{"confidence_level":0.95,"lower_bound":0.09693345514058205,"upper_bound":0.13442136794198123},"point_estimate":0.11495067656231184,"standard_error":0.011219189261372543}}