{"mean":{"confidence_interval":{"confidence_level":0.95,"lower_bound":0.08674735136264045,"upper_bound":0.11207145925797493},"point_estimate":0.09928403356953774,"standard_error":0.00643228747531173},"median":{"confidence_interval":{"confidence_level":0.95,"lower_bound":0.0824717973492175,"upper_bound":0.11893621294583134},"point_estimate":0.09986798487812898,"standard_error":0.011053406279940808}}