{"mean":{"confidence_interval":{"confidence_level":0.95,"lower_bound":0.23968190551563354,"upper_bound":0.2787709297266637},"point_estimate":0.2582730620043361,"standard_error":0.009968961390561528},"median":{"confidence_interval":{"confidence_level":0.95,"lower_bound":0.22593162718576854,"upper_bound":0.27629662899673413},"point_estimate":0.25149938012712325,"standard_error":0.013745612451749246}}