{"mean":{"confidence_interval":{"confidence_level":0.95,"lower_bound":-0.08820172075011656,"upper_bound":-0.06704626936879443},"point_estimate":-0.07765412632675461,"standard_error":0.005412493328046685},"median":{"confidence_interval":{"confidence_level":0.95,"lower_bound":-0.09390800424852662,"upper_bound":-0.06320997144414986},"point_estimate":-0.07924981354880767,"standard_error":0.009243543392381783}}