{"mean":{"confidence_interval":{"confidence_level":0.95,"lower_bound":0.20384588617320878,"upper_bound":0.2247290591743225},"point_estimate":0.21404941104477815,"standard_error":0.005528484320529754},"median":{"confidence_interval":{"confidence_level":0.95,"lower_bound":0.19271013549963945,"upper_bound":0.218680092216182},"point_estimate":0.2073891332821074,"standard_error":0.00714988077208487}}