{"mean":{"confidence_interval":{"confidence_level":0.95,"lower_bound":0.26175332145782837,"upper_bound":0.2961627580976143},"point_estimate":0.2784020507222482,"standard_error":0.008801230878737916},"median":{"confidence_interval":{"confidence_level":0.95,"lower_bound":0.2464020605509982,"upper_bound":0.2919703222790888},"point_estimate":0.2681851594885629,"standard_error":0.01309960090102573}}