{"mean":{"confidence_interval":{"confidence_level":0.95,"lower_bound":0.07840511028130931,"upper_bound":0.1045742722274222},"point_estimate":0.09143931192543375,"standard_error":0.006647976265517264},"median":{"confidence_interval":{"confidence_level":0.95,"lower_bound":0.07776800037687123,"upper_bound":0.11554592526311125},"point_estimate":0.09609782956289448,"standard_error":0.011147524659831057}}