{"mean":{"confidence_interval":{"confidence_level":0.95,"lower_bound":0.23434597748376396,"upper_bound":0.26390557891346456},"point_estimate":0.24857021188161088,"standard_error":0.007538729925992218},"median":{"confidence_interval":{"confidence_level":0.95,"lower_bound":0.2315578481111995,"upper_bound":0.2755364924123638},"point_estimate":0.2513538758142344,"standard_error":0.0127790396333298}}