{"mean":{"confidence_interval":{"confidence_level":0.95,"lower_bound":-0.04482626635249708,"upper_bound":-0.018795010648239296},"point_estimate":-0.03171175721062114,"standard_error":0.00663804396577536},"median":{"confidence_interval":{"confidence_level":0.95,"lower_bound":-0.02197351743517495,"upper_bound":0.0001775773381269552},"point_estimate":-0.009923135122836158,"standard_error":0.005260666097346176}}