{"mean":{"confidence_interval":{"confidence_level":0.95,"lower_bound":1029058.5526852433,"upper_bound":1030450.2898840143},"point_estimate":1029740.4364634291,"standard_error":356.35084228747394},"median":{"confidence_interval":{"confidence_level":0.95,"lower_bound":1028778.64,"upper_bound":1030183.5161290322},"point_estimate":1029619.0619482496,"standard_error":371.8470269389008},"median_abs_dev":{"confidence_interval":{"confidence_level":0.95,"lower_bound":2187.9309692209913,"upper_bound":3934.3090521245467},"point_estimate":2999.8800573475205,"standard_error":449.43813593719653},"slope":{"confidence_interval":{"confidence_level":0.95,"lower_bound":1029351.7412887026,"upper_bound":1030648.0618847176},"point_estimate":1029989.7947569086,"standard_error":331.7382257708636},"std_dev":{"confidence_interval":{"confidence_level":0.95,"lower_bound":2912.291306399241,"upper_bound":4255.252941879598},"point_estimate":3600.854282543724,"standard_error":341.06497550424433}}