{"mean":{"confidence_interval":{"confidence_level":0.95,"lower_bound":2290641.023499999,"upper_bound":2304286.3124545454},"point_estimate":2297462.515,"standard_error":3474.2026639255446},"median":{"confidence_interval":{"confidence_level":0.95,"lower_bound":2292442.590909091,"upper_bound":2304177.9545454546},"point_estimate":2300356.7272727275,"standard_error":3434.467808596113},"median_abs_dev":{"confidence_interval":{"confidence_level":0.95,"lower_bound":24117.521162737437,"upper_bound":42114.06094323499},"point_estimate":32223.097391562467,"standard_error":4478.952371550173},"slope":null,"std_dev":{"confidence_interval":{"confidence_level":0.95,"lower_bound":30417.220730080535,"upper_bound":39259.457890648286},"point_estimate":35136.59596134991,"standard_error":2263.4171615226796}}