{"mean":{"confidence_interval":{"confidence_level":0.95,"lower_bound":2501310.1276499997,"upper_bound":2564204.4860499995},"point_estimate":2531641.983,"standard_error":16097.041488529872},"median":{"confidence_interval":{"confidence_level":0.95,"lower_bound":2477446.1,"upper_bound":2525853.825},"point_estimate":2500328.675,"standard_error":11440.99845333705},"median_abs_dev":{"confidence_interval":{"confidence_level":0.95,"lower_bound":93333.78255799433,"upper_bound":155169.58041518886},"point_estimate":120131.88827723244,"standard_error":15471.920174879237},"slope":null,"std_dev":{"confidence_interval":{"confidence_level":0.95,"lower_bound":127149.03220684126,"upper_bound":196247.01106034868},"point_estimate":161753.9155255477,"standard_error":17829.482854970407}}