{"mean":{"confidence_interval":{"confidence_level":0.95,"lower_bound":1881294.962867944,"upper_bound":1884983.0994261913},"point_estimate":1882956.8409476844,"standard_error":942.0625586764583},"median":{"confidence_interval":{"confidence_level":0.95,"lower_bound":1880636.5714285714,"upper_bound":1883588.9431818181},"point_estimate":1881710.3606456043,"standard_error":814.1371023423942},"median_abs_dev":{"confidence_interval":{"confidence_level":0.95,"lower_bound":3932.6810255927176,"upper_bound":6738.489367640429},"point_estimate":4849.487762073346,"standard_error":734.8391349081805},"slope":{"confidence_interval":{"confidence_level":0.95,"lower_bound":1881105.8308591775,"upper_bound":1886168.8291185924},"point_estimate":1883142.6390690114,"standard_error":1322.9827098576839},"std_dev":{"confidence_interval":{"confidence_level":0.95,"lower_bound":5512.964043554946,"upper_bound":13824.337578558523},"point_estimate":9440.310779914424,"standard_error":2470.4416658978466}}