{"mean":{"confidence_interval":{"confidence_level":0.95,"lower_bound":2787578.8314583325,"upper_bound":2841899.163805554},"point_estimate":2813531.8549999995,"standard_error":13936.867741586466},"median":{"confidence_interval":{"confidence_level":0.95,"lower_bound":2767794.1666666665,"upper_bound":2816072.5986111104},"point_estimate":2788222.083333333,"standard_error":11869.722790392509},"median_abs_dev":{"confidence_interval":{"confidence_level":0.95,"lower_bound":68640.52916930373,"upper_bound":123727.7862533927},"point_estimate":91958.7987507378,"standard_error":14245.255953309541},"slope":null,"std_dev":{"confidence_interval":{"confidence_level":0.95,"lower_bound":98239.94865919543,"upper_bound":178667.03472275398},"point_estimate":140225.84654659047,"standard_error":20642.243368790805}}