{"mean":{"confidence_interval":{"confidence_level":0.95,"lower_bound":1236741.1735504412,"upper_bound":1272112.4647626714},"point_estimate":1253111.13226173,"standard_error":9030.468198358569},"median":{"confidence_interval":{"confidence_level":0.95,"lower_bound":1237311.510723297,"upper_bound":1261821.1333333333},"point_estimate":1249580.8669444444,"standard_error":6862.785826143213},"median_abs_dev":{"confidence_interval":{"confidence_level":0.95,"lower_bound":43920.59828179755,"upper_bound":71743.6874259714},"point_estimate":58183.46455463953,"standard_error":6677.122547761686},"slope":{"confidence_interval":{"confidence_level":0.95,"lower_bound":1248587.628885699,"upper_bound":1270417.9986036909},"point_estimate":1259520.436317423,"standard_error":5566.9371278606195},"std_dev":{"confidence_interval":{"confidence_level":0.95,"lower_bound":56981.46618578049,"upper_bound":122488.71602156507},"point_estimate":90419.01476318705,"standard_error":17131.6337239611}}