{"mean":{"confidence_interval":{"confidence_level":0.95,"lower_bound":2216874.090206522,"upper_bound":2219261.366086956},"point_estimate":2218063.035217391,"standard_error":607.8862010134249},"median":{"confidence_interval":{"confidence_level":0.95,"lower_bound":2216771.7826086953,"upper_bound":2218746.652173913},"point_estimate":2217650.8695652178,"standard_error":503.0996905239355},"median_abs_dev":{"confidence_interval":{"confidence_level":0.95,"lower_bound":3337.0102364086097,"upper_bound":5860.409089543436},"point_estimate":4496.596798430333,"standard_error":647.7466703273072},"slope":null,"std_dev":{"confidence_interval":{"confidence_level":0.95,"lower_bound":5070.330295217459,"upper_bound":7051.037467027166},"point_estimate":6103.206661375475,"standard_error":504.9224643327549}}