{"mean":{"confidence_interval":{"confidence_level":0.95,"lower_bound":1423952.5705986936,"upper_bound":1425631.3805682557},"point_estimate":1424752.1107749925,"standard_error":426.0550522867564},"median":{"confidence_interval":{"confidence_level":0.95,"lower_bound":1424527.7018255577,"upper_bound":1425299.7580645161},"point_estimate":1425012.1833333333,"standard_error":206.35786704616336},"median_abs_dev":{"confidence_interval":{"confidence_level":0.95,"lower_bound":1147.6701439577732,"upper_bound":2612.842639755806},"point_estimate":1665.6465999052316,"standard_error":384.36740696031995},"slope":{"confidence_interval":{"confidence_level":0.95,"lower_bound":1424651.1756980496,"upper_bound":1425619.1101723288},"point_estimate":1425098.2879355696,"standard_error":247.23466113416043},"std_dev":{"confidence_interval":{"confidence_level":0.95,"lower_bound":2785.8427391421474,"upper_bound":5772.0027580040005},"point_estimate":4289.50384070549,"standard_error":777.0518699995205}}