{"mean":{"confidence_interval":{"confidence_level":0.95,"lower_bound":3039596.7482058834,"upper_bound":3098033.9393676464},"point_estimate":3068376.1552941184,"standard_error":14905.065939055983},"median":{"confidence_interval":{"confidence_level":0.95,"lower_bound":3005540.294117647,"upper_bound":3100684.4117647056},"point_estimate":3048007.9411764704,"standard_error":27199.427720478223},"median_abs_dev":{"confidence_interval":{"confidence_level":0.95,"lower_bound":114373.82318710594,"upper_bound":181845.1601480737},"point_estimate":145425.61506523762,"standard_error":16670.11664947522},"slope":null,"std_dev":{"confidence_interval":{"confidence_level":0.95,"lower_bound":124754.25775967387,"upper_bound":172262.23614310456},"point_estimate":149258.99143916694,"standard_error":12140.160880926034}}