{"mean":{"confidence_interval":{"confidence_level":0.95,"lower_bound":1207023.4808685437,"upper_bound":1214790.5043412615},"point_estimate":1210969.6163008844,"standard_error":1983.4675840236725},"median":{"confidence_interval":{"confidence_level":0.95,"lower_bound":1208234.8171428572,"upper_bound":1217238.6206896552},"point_estimate":1211563.1465665977,"standard_error":2968.0959465867763},"median_abs_dev":{"confidence_interval":{"confidence_level":0.95,"lower_bound":14372.390948036653,"upper_bound":24120.162696854073},"point_estimate":18502.530756346303,"standard_error":2619.4944417894108},"slope":{"confidence_interval":{"confidence_level":0.95,"lower_bound":1205781.038461071,"upper_bound":1213579.6799688055},"point_estimate":1209752.9588591694,"standard_error":1993.3864858050267},"std_dev":{"confidence_interval":{"confidence_level":0.95,"lower_bound":16827.1192289008,"upper_bound":22834.353439293005},"point_estimate":19990.345392678682,"standard_error":1522.0254172554385}}