{"mean":{"confidence_interval":{"confidence_level":0.95,"lower_bound":2268939.898206521,"upper_bound":2272825.404173912},"point_estimate":2270928.8934782604,"standard_error":991.9636688176329},"median":{"confidence_interval":{"confidence_level":0.95,"lower_bound":2268158.652173913,"upper_bound":2272641.3913043477},"point_estimate":2270728.9130434785,"standard_error":1114.871498979134},"median_abs_dev":{"confidence_interval":{"confidence_level":0.95,"lower_bound":6899.612562507015,"upper_bound":11289.902108260094},"point_estimate":8952.744401926744,"standard_error":1069.1603137692982},"slope":null,"std_dev":{"confidence_interval":{"confidence_level":0.95,"lower_bound":7891.418684432532,"upper_bound":12335.448159806983},"point_estimate":9959.143769607817,"standard_error":1173.7593993146259}}