{"mean":{"confidence_interval":{"confidence_level":0.95,"lower_bound":1994795.1072500001,"upper_bound":2004835.406759615},"point_estimate":1999908.3273076927,"standard_error":2564.3746938683676},"median":{"confidence_interval":{"confidence_level":0.95,"lower_bound":1997126.173076923,"upper_bound":2007297.596153846},"point_estimate":2000551.2692307692,"standard_error":2821.7834818416723},"median_abs_dev":{"confidence_interval":{"confidence_level":0.95,"lower_bound":18897.87502988036,"upper_bound":33231.06637608848},"point_estimate":25495.64449351578,"standard_error":3542.6356900049764},"slope":null,"std_dev":{"confidence_interval":{"confidence_level":0.95,"lower_bound":22061.881894466478,"upper_bound":28911.975225610156},"point_estimate":25698.48363396421,"standard_error":1749.442440925053}}