{"mean":{"confidence_interval":{"confidence_level":0.95,"lower_bound":2313225.8280454553,"upper_bound":2372163.669136364},"point_estimate":2341328.200454546,"standard_error":15022.98678213797},"median":{"confidence_interval":{"confidence_level":0.95,"lower_bound":2294996.909090909,"upper_bound":2339738.1136363633},"point_estimate":2312274.6818181816,"standard_error":13480.249228593037},"median_abs_dev":{"confidence_interval":{"confidence_level":0.95,"lower_bound":77025.54507365965,"upper_bound":125799.8309116063},"point_estimate":103069.94582468817,"standard_error":12447.837004894978},"slope":null,"std_dev":{"confidence_interval":{"confidence_level":0.95,"lower_bound":110567.72375137817,"upper_bound":190382.3842508548},"point_estimate":151191.65935221835,"standard_error":20731.296801073637}}