{"mean":{"confidence_interval":{"confidence_level":0.95,"lower_bound":2743029.8739305553,"upper_bound":2784632.9970000004},"point_estimate":2762684.6205555545,"standard_error":10615.580028478136},"median":{"confidence_interval":{"confidence_level":0.95,"lower_bound":2740043.3055555555,"upper_bound":2756767.0555555555},"point_estimate":2745006.527777778,"standard_error":4194.15148976607},"median_abs_dev":{"confidence_interval":{"confidence_level":0.95,"lower_bound":41381.28646783542,"upper_bound":72888.11528931081},"point_estimate":57735.32580832648,"standard_error":7685.775084747826},"slope":null,"std_dev":{"confidence_interval":{"confidence_level":0.95,"lower_bound":73625.49925210046,"upper_bound":138177.79594943963},"point_estimate":106730.29918511995,"standard_error":16574.932828326684}}