{"mean":{"confidence_interval":{"confidence_level":0.95,"lower_bound":2432918.5709166657,"upper_bound":2520833.594130953},"point_estimate":2474462.978571429,"standard_error":22579.947677831726},"median":{"confidence_interval":{"confidence_level":0.95,"lower_bound":2395906.0,"upper_bound":2471495.0},"point_estimate":2436802.619047619,"standard_error":21917.857763342465},"median_abs_dev":{"confidence_interval":{"confidence_level":0.95,"lower_bound":115685.96984616331,"upper_bound":195874.3891675341},"point_estimate":156707.04011789398,"standard_error":20817.774802472424},"slope":null,"std_dev":{"confidence_interval":{"confidence_level":0.95,"lower_bound":163730.51110043924,"upper_bound":289645.9969858743},"point_estimate":226131.6779592798,"standard_error":32832.60900794709}}