{"mean":{"confidence_interval":{"confidence_level":0.95,"lower_bound":2040995.9000499977,"upper_bound":2065722.8275099986},"point_estimate":2052786.4283999973,"standard_error":6298.746754279711},"median":{"confidence_interval":{"confidence_level":0.95,"lower_bound":2026590.72,"upper_bound":2049536.72},"point_estimate":2038760.72,"standard_error":5196.34700218238},"median_abs_dev":{"confidence_interval":{"confidence_level":0.95,"lower_bound":30443.767163515146,"upper_bound":57851.11027693754},"point_estimate":45142.11504256734,"standard_error":7012.49061367179},"slope":null,"std_dev":{"confidence_interval":{"confidence_level":0.95,"lower_bound":46613.11896840949,"upper_bound":80622.85342292077},"point_estimate":63165.03228573573,"standard_error":8961.413348308237}}