{"mean":{"confidence_interval":{"confidence_level":0.95,"lower_bound":2842167.8219722244,"upper_bound":2894839.191944444},"point_estimate":2868165.835,"standard_error":13415.697580631375},"median":{"confidence_interval":{"confidence_level":0.95,"lower_bound":2814150.888888889,"upper_bound":2870561.222222222},"point_estimate":2853012.555555556,"standard_error":13944.537728437244},"median_abs_dev":{"confidence_interval":{"confidence_level":0.95,"lower_bound":90017.33408520638,"upper_bound":146973.10059070657},"point_estimate":109728.99493525468,"standard_error":14539.96083813946},"slope":null,"std_dev":{"confidence_interval":{"confidence_level":0.95,"lower_bound":112907.96357361981,"upper_bound":153820.47996967388},"point_estimate":135071.34648498642,"standard_error":10387.123929280257}}