{"mean":{"confidence_interval":{"confidence_level":0.95,"lower_bound":1791016.939704747,"upper_bound":1795702.1956741097},"point_estimate":1793283.2620539982,"standard_error":1188.2077424258218},"median":{"confidence_interval":{"confidence_level":0.95,"lower_bound":1790044.314316636,"upper_bound":1794703.5564791132},"point_estimate":1791876.2666666666,"standard_error":1375.3537711652493},"median_abs_dev":{"confidence_interval":{"confidence_level":0.95,"lower_bound":7139.381550523441,"upper_bound":11988.101214441229},"point_estimate":9619.144790201686,"standard_error":1283.773774177782},"slope":{"confidence_interval":{"confidence_level":0.95,"lower_bound":1789658.4633982342,"upper_bound":1795823.469698127},"point_estimate":1792693.9441347716,"standard_error":1575.7502148967692},"std_dev":{"confidence_interval":{"confidence_level":0.95,"lower_bound":9322.928352202862,"upper_bound":14428.816936774283},"point_estimate":11916.301971616507,"standard_error":1309.0689330965251}}