{"mean":{"confidence_interval":{"confidence_level":0.95,"lower_bound":2045940.5149375,"upper_bound":2078649.5036666668},"point_estimate":2061831.4695833328,"standard_error":8403.137296509254},"median":{"confidence_interval":{"confidence_level":0.95,"lower_bound":2019859.9166666667,"upper_bound":2052680.8333333333},"point_estimate":2037064.125,"standard_error":8344.559965565084},"median_abs_dev":{"confidence_interval":{"confidence_level":0.95,"lower_bound":38479.73947934783,"upper_bound":71504.71566803742},"point_estimate":50979.97228242463,"standard_error":8246.784496945602},"slope":null,"std_dev":{"confidence_interval":{"confidence_level":0.95,"lower_bound":67725.7164754986,"upper_bound":97679.48431595521},"point_estimate":83919.58172649596,"standard_error":7664.087939407398}}