{"mean":{"confidence_interval":{"confidence_level":0.95,"lower_bound":1883028.977891265,"upper_bound":1893581.1035086683},"point_estimate":1887563.3314599963,"standard_error":2719.6846526612867},"median":{"confidence_interval":{"confidence_level":0.95,"lower_bound":1885563.4444444445,"upper_bound":1888241.488372093},"point_estimate":1887090.2807017544,"standard_error":770.4894486450816},"median_abs_dev":{"confidence_interval":{"confidence_level":0.95,"lower_bound":4687.187163424086,"upper_bound":7998.076863152388},"point_estimate":6357.827541281493,"standard_error":866.9378574976006},"slope":{"confidence_interval":{"confidence_level":0.95,"lower_bound":1885313.6406889365,"upper_bound":1894891.772457134},"point_estimate":1889324.7437801093,"standard_error":2464.0646691257793},"std_dev":{"confidence_interval":{"confidence_level":0.95,"lower_bound":8639.84999526637,"upper_bound":43242.45988236826},"point_estimate":27372.662147659667,"standard_error":9437.197919351873}}