{"mean":{"confidence_interval":{"confidence_level":0.95,"lower_bound":2778832.195805556,"upper_bound":2829921.5572222215},"point_estimate":2803327.5705555556,"standard_error":13110.061112994039},"median":{"confidence_interval":{"confidence_level":0.95,"lower_bound":2740310.5555555555,"upper_bound":2790172.0555555555},"point_estimate":2763377.416666667,"standard_error":13557.81692842248},"median_abs_dev":{"confidence_interval":{"confidence_level":0.95,"lower_bound":57941.283654669765,"upper_bound":103440.91779688932},"point_estimate":76152.71806468628,"standard_error":11676.452419649933},"slope":null,"std_dev":{"confidence_interval":{"confidence_level":0.95,"lower_bound":98649.0467782738,"upper_bound":162492.71559254924},"point_estimate":132051.6996185793,"standard_error":16283.548546043005}}