{"mean":{"confidence_interval":{"confidence_level":0.95,"lower_bound":2831819.879624999,"upper_bound":2870052.005472223},"point_estimate":2850000.4472222216,"standard_error":9785.740833974036},"median":{"confidence_interval":{"confidence_level":0.95,"lower_bound":2822477.055555556,"upper_bound":2850252.111111111},"point_estimate":2833440.944444444,"standard_error":7673.123031115381},"median_abs_dev":{"confidence_interval":{"confidence_level":0.95,"lower_bound":44626.42394105578,"upper_bound":84075.9794240197},"point_estimate":66470.10473658713,"standard_error":10525.36814115938},"slope":null,"std_dev":{"confidence_interval":{"confidence_level":0.95,"lower_bound":72036.36287827344,"upper_bound":121943.30398366447},"point_estimate":98304.15758665431,"standard_error":12737.647926207916}}