{"mean":{"confidence_interval":{"confidence_level":0.95,"lower_bound":1994508.753173077,"upper_bound":2000964.7507884616},"point_estimate":1997897.5834615382,"standard_error":1642.228789931179},"median":{"confidence_interval":{"confidence_level":0.95,"lower_bound":1999147.2692307692,"upper_bound":2005174.3076923075},"point_estimate":2003186.346153846,"standard_error":1380.3216025786899},"median_abs_dev":{"confidence_interval":{"confidence_level":0.95,"lower_bound":8364.657982266706,"upper_bound":15667.318198772524},"point_estimate":10954.360974751973,"standard_error":1732.6839248354472},"slope":null,"std_dev":{"confidence_interval":{"confidence_level":0.95,"lower_bound":12273.205429698513,"upper_bound":20899.325639618426},"point_estimate":16506.25288852594,"standard_error":2245.252175307959}}