{"mean":{"confidence_interval":{"confidence_level":0.95,"lower_bound":2838490.248013889,"upper_bound":2842978.5292499987},"point_estimate":2840752.597777778,"standard_error":1142.3625931681777},"median":{"confidence_interval":{"confidence_level":0.95,"lower_bound":2839034.472222222,"upper_bound":2844623.4444444445},"point_estimate":2842259.5,"standard_error":1545.8699747874978},"median_abs_dev":{"confidence_interval":{"confidence_level":0.95,"lower_bound":8430.351733664058,"upper_bound":14443.284056496954},"point_estimate":11268.006899952657,"standard_error":1488.8531818979384},"slope":null,"std_dev":{"confidence_interval":{"confidence_level":0.95,"lower_bound":10111.244378885853,"upper_bound":12669.461756705432},"point_estimate":11494.777650072168,"standard_error":651.569414333759}}