{"mean":{"confidence_interval":{"confidence_level":0.95,"lower_bound":1435443.4402664807,"upper_bound":1496299.02789026},"point_estimate":1460448.1489051795,"standard_error":15858.039920848982},"median":{"confidence_interval":{"confidence_level":0.95,"lower_bound":1418695.7773809524,"upper_bound":1456765.8421052631},"point_estimate":1435341.08,"standard_error":11216.931945797223},"median_abs_dev":{"confidence_interval":{"confidence_level":0.95,"lower_bound":50307.28426103515,"upper_bound":81072.96823533402},"point_estimate":66783.4481226902,"standard_error":7883.206313179323},"slope":{"confidence_interval":{"confidence_level":0.95,"lower_bound":1458505.3847843197,"upper_bound":1492884.9492539277},"point_estimate":1475143.1187350377,"standard_error":8739.161809644249},"std_dev":{"confidence_interval":{"confidence_level":0.95,"lower_bound":62880.26374640455,"upper_bound":255965.32689636512},"point_estimate":159602.89599085425,"standard_error":63166.57218880179}}