{"mean":{"confidence_interval":{"confidence_level":0.95,"lower_bound":3092710.9884558828,"upper_bound":3159488.0931764706},"point_estimate":3120754.5205882355,"standard_error":17313.01135545615},"median":{"confidence_interval":{"confidence_level":0.95,"lower_bound":3078737.029411765,"upper_bound":3082608.1470588236},"point_estimate":3079819.882352941,"standard_error":1158.2385249313327},"median_abs_dev":{"confidence_interval":{"confidence_level":0.95,"lower_bound":4107.629348692287,"upper_bound":10121.012326198628},"point_estimate":6288.709423647147,"standard_error":1470.2054948636899},"slope":null,"std_dev":{"confidence_interval":{"confidence_level":0.95,"lower_bound":54026.732496343284,"upper_bound":274456.82353175106},"point_estimate":174448.05329631025,"standard_error":61482.296681420055}}