{"mean":{"confidence_interval":{"confidence_level":0.95,"lower_bound":4768007.821068183,"upper_bound":4890776.365249998},"point_estimate":4828032.280909091,"standard_error":31415.874612746004},"median":{"confidence_interval":{"confidence_level":0.95,"lower_bound":4699220.818181818,"upper_bound":4825338.363636363},"point_estimate":4753333.863636363,"standard_error":29179.48605331396},"median_abs_dev":{"confidence_interval":{"confidence_level":0.95,"lower_bound":179972.74341393608,"upper_bound":319212.66993284225},"point_estimate":245596.7290943323,"standard_error":35257.47831973965},"slope":null,"std_dev":{"confidence_interval":{"confidence_level":0.95,"lower_bound":262967.57080038666,"upper_bound":360035.6666820966},"point_estimate":315575.9393524378,"standard_error":24709.23061259577}}