{"mean":{"confidence_interval":{"confidence_level":0.95,"lower_bound":1088939.8657489552,"upper_bound":1095242.3921443734},"point_estimate":1091979.4159670093,"standard_error":1612.7768287828305},"median":{"confidence_interval":{"confidence_level":0.95,"lower_bound":1083985.2950091856,"upper_bound":1090042.425},"point_estimate":1086618.93489011,"standard_error":1474.50086786098},"median_abs_dev":{"confidence_interval":{"confidence_level":0.95,"lower_bound":7682.8614640566,"upper_bound":14367.20350553732},"point_estimate":10440.104247984427,"standard_error":1627.2580012178887},"slope":{"confidence_interval":{"confidence_level":0.95,"lower_bound":1083707.4564310468,"upper_bound":1089408.7451935422},"point_estimate":1086288.7765420421,"standard_error":1471.2587626906013},"std_dev":{"confidence_interval":{"confidence_level":0.95,"lower_bound":12623.403234315303,"upper_bound":19367.63967251487},"point_estimate":16171.42625464166,"standard_error":1735.9365211011793}}