{"mean":{"confidence_interval":{"confidence_level":0.95,"lower_bound":2854421.798430556,"upper_bound":2858275.297680556},"point_estimate":2856126.991111111,"standard_error":992.0852643867855},"median":{"confidence_interval":{"confidence_level":0.95,"lower_bound":2853290.75,"upper_bound":2854549.111111111},"point_estimate":2854024.083333333,"standard_error":305.119233085426},"median_abs_dev":{"confidence_interval":{"confidence_level":0.95,"lower_bound":2046.8116303287647,"upper_bound":3414.1394560538433},"point_estimate":2849.9277994043578,"standard_error":337.3636569240769},"slope":null,"std_dev":{"confidence_interval":{"confidence_level":0.95,"lower_bound":4620.221503340251,"upper_bound":14765.640187558367},"point_estimate":9978.740622606183,"standard_error":2683.045492268059}}