{"mean":{"confidence_interval":{"confidence_level":0.95,"lower_bound":1204868.5196820528,"upper_bound":1209450.7625196218},"point_estimate":1206928.8703143806,"standard_error":1170.7338118707878},"median":{"confidence_interval":{"confidence_level":0.95,"lower_bound":1203059.0,"upper_bound":1205893.6153846155},"point_estimate":1204539.195177305,"standard_error":736.5222869993994},"median_abs_dev":{"confidence_interval":{"confidence_level":0.95,"lower_bound":4054.9632243064516,"upper_bound":7009.0954204361105},"point_estimate":5396.304636568871,"standard_error":753.2190703845042},"slope":{"confidence_interval":{"confidence_level":0.95,"lower_bound":1203471.6158331565,"upper_bound":1207742.9192565817},"point_estimate":1205235.9288902024,"standard_error":1099.4521953677893},"std_dev":{"confidence_interval":{"confidence_level":0.95,"lower_bound":6005.204180669928,"upper_bound":16605.6155057123},"point_estimate":11700.084830030188,"standard_error":2721.8901490444905}}