{"mean":{"confidence_interval":{"confidence_level":0.95,"lower_bound":4297714.409458331,"upper_bound":4430805.790499999},"point_estimate":4363061.3791666655,"standard_error":34010.12547243065},"median":{"confidence_interval":{"confidence_level":0.95,"lower_bound":4242272.583333333,"upper_bound":4402987.583333333},"point_estimate":4322973.25,"standard_error":38435.29654449284},"median_abs_dev":{"confidence_interval":{"confidence_level":0.95,"lower_bound":246076.32210627222,"upper_bound":384327.5341518234},"point_estimate":319323.4942808744,"standard_error":35675.37500198169},"slope":null,"std_dev":{"confidence_interval":{"confidence_level":0.95,"lower_bound":284886.95557973516,"upper_bound":392761.1145446397},"point_estimate":340977.81674508285,"standard_error":27746.828568639983}}