{"mean":{"confidence_interval":{"confidence_level":0.95,"lower_bound":2895365.4650138896,"upper_bound":2901342.04901389},"point_estimate":2898013.2261111117,"standard_error":1544.9933316072306},"median":{"confidence_interval":{"confidence_level":0.95,"lower_bound":2893941.8333333335,"upper_bound":2895872.2875},"point_estimate":2894956.944444444,"standard_error":503.46412238277185},"median_abs_dev":{"confidence_interval":{"confidence_level":0.95,"lower_bound":3414.139456053498,"upper_bound":5351.6639062384465},"point_estimate":4305.511506895185,"standard_error":492.50010920712384},"slope":null,"std_dev":{"confidence_interval":{"confidence_level":0.95,"lower_bound":6354.773156503715,"upper_bound":22962.272631063926},"point_estimate":15607.446063303261,"standard_error":4311.928834259109}}