{"mean":{"confidence_interval":{"confidence_level":0.95,"lower_bound":3197382.2256093747,"upper_bound":3249516.823109375},"point_estimate":3223338.988125,"standard_error":13296.889200000758},"median":{"confidence_interval":{"confidence_level":0.95,"lower_bound":3173408.6875,"upper_bound":3266690.375},"point_estimate":3228237.15625,"standard_error":21726.174811166973},"median_abs_dev":{"confidence_interval":{"confidence_level":0.95,"lower_bound":111742.9913000716,"upper_bound":162207.64928273857},"point_estimate":136057.50461574644,"standard_error":12566.841238431256},"slope":null,"std_dev":{"confidence_interval":{"confidence_level":0.95,"lower_bound":112451.56197542117,"upper_bound":154311.5829342267},"point_estimate":133517.06935829142,"standard_error":10725.190339536673}}