{"mean":{"confidence_interval":{"confidence_level":0.95,"lower_bound":2682783.2006842103,"upper_bound":2714315.884263158},"point_estimate":2697356.6694736844,"standard_error":8038.675478382105},"median":{"confidence_interval":{"confidence_level":0.95,"lower_bound":2667860.3947368423,"upper_bound":2704017.9736842103},"point_estimate":2684999.6842105263,"standard_error":10075.684968872252},"median_abs_dev":{"confidence_interval":{"confidence_level":0.95,"lower_bound":52350.17687230903,"upper_bound":83496.98728605332},"point_estimate":66049.28260633827,"standard_error":7939.88920876545},"slope":null,"std_dev":{"confidence_interval":{"confidence_level":0.95,"lower_bound":54571.34315424454,"upper_bound":111834.67990494853},"point_estimate":81001.60196025921,"standard_error":16856.02005878174}}