{"mean":{"confidence_interval":{"confidence_level":0.95,"lower_bound":3331627.4012500006,"upper_bound":3333823.2598499986},"point_estimate":3332678.677333332,"standard_error":561.1953795187571},"median":{"confidence_interval":{"confidence_level":0.95,"lower_bound":3331091.1333333333,"upper_bound":3333562.4},"point_estimate":3331969.033333333,"standard_error":548.0236563799376},"median_abs_dev":{"confidence_interval":{"confidence_level":0.95,"lower_bound":3448.7252187728423,"upper_bound":5123.242817044554},"point_estimate":4265.044764280411,"standard_error":430.67685992135495},"slope":null,"std_dev":{"confidence_interval":{"confidence_level":0.95,"lower_bound":3974.22655911837,"upper_bound":7413.242441678432},"point_estimate":5647.601056211467,"standard_error":908.14828205219}}