{"mean":{"confidence_interval":{"confidence_level":0.95,"lower_bound":1203613.7608252913,"upper_bound":1216562.9964310862},"point_estimate":1208609.4912385165,"standard_error":3480.293111468001},"median":{"confidence_interval":{"confidence_level":0.95,"lower_bound":1201553.981060606,"upper_bound":1202542.2352941176},"point_estimate":1201890.5495300752,"standard_error":216.58214905441733},"median_abs_dev":{"confidence_interval":{"confidence_level":0.95,"lower_bound":1444.6146857920542,"upper_bound":2847.817673039589},"point_estimate":2022.1148227458352,"standard_error":370.33420651403685},"slope":{"confidence_interval":{"confidence_level":0.95,"lower_bound":1201850.114267224,"upper_bound":1203318.6897316517},"point_estimate":1202509.421980198,"standard_error":374.89289471678717},"std_dev":{"confidence_interval":{"confidence_level":0.95,"lower_bound":7682.9288964061225,"upper_bound":57938.12870669655},"point_estimate":34976.992725600736,"standard_error":16176.812395489565}}