{"mean":{"confidence_interval":{"confidence_level":0.95,"lower_bound":2727277.9441315793,"upper_bound":2749147.915671053},"point_estimate":2738258.996842105,"standard_error":5585.178975814513},"median":{"confidence_interval":{"confidence_level":0.95,"lower_bound":2724380.8421052634,"upper_bound":2756144.1052631577},"point_estimate":2741074.7894736845,"standard_error":7630.432474606705},"median_abs_dev":{"confidence_interval":{"confidence_level":0.95,"lower_bound":47180.31077290902,"upper_bound":77836.61566549244},"point_estimate":60466.00618440834,"standard_error":7656.255204897849},"slope":null,"std_dev":{"confidence_interval":{"confidence_level":0.95,"lower_bound":49628.80701343058,"upper_bound":61903.81974505488},"point_estimate":56161.2861919274,"standard_error":3137.175279922856}}