{"mean":{"confidence_interval":{"confidence_level":0.95,"lower_bound":2718402.078671053,"upper_bound":2730462.8079605247},"point_estimate":2724315.9305263157,"standard_error":3074.157511147458},"median":{"confidence_interval":{"confidence_level":0.95,"lower_bound":2718543.3157894737,"upper_bound":2727282.789473684},"point_estimate":2721848.578947368,"standard_error":2250.098918568769},"median_abs_dev":{"confidence_interval":{"confidence_level":0.95,"lower_bound":17092.778049173925,"upper_bound":32152.833502857055},"point_estimate":22137.51953855965,"standard_error":4066.8971336346926},"slope":null,"std_dev":{"confidence_interval":{"confidence_level":0.95,"lower_bound":25477.82321934029,"upper_bound":35841.522969292935},"point_estimate":30929.118318742196,"standard_error":2648.078258651055}}