{"mean":{"confidence_interval":{"confidence_level":0.95,"lower_bound":2901487.7938055554,"upper_bound":2906898.2778611104},"point_estimate":2904014.734444444,"standard_error":1382.845198476657},"median":{"confidence_interval":{"confidence_level":0.95,"lower_bound":2898530.5,"upper_bound":2900608.277777778},"point_estimate":2899619.388888889,"standard_error":536.2515328662082},"median_abs_dev":{"confidence_interval":{"confidence_level":0.95,"lower_bound":3443.008972208012,"upper_bound":6585.297249754309},"point_estimate":5189.182274540534,"standard_error":797.8485601693567},"slope":null,"std_dev":{"confidence_interval":{"confidence_level":0.95,"lower_bound":9014.00359781185,"upper_bound":18121.38808047998},"point_estimate":13968.819332170797,"standard_error":2321.714938182066}}