{"mean":{"confidence_interval":{"confidence_level":0.95,"lower_bound":3455670.165566664,"upper_bound":3463400.8431166653},"point_estimate":3459497.493333333,"standard_error":1977.6527796270598},"median":{"confidence_interval":{"confidence_level":0.95,"lower_bound":3452560.533333333,"upper_bound":3465674.0666666664},"point_estimate":3459227.2666666666,"standard_error":3120.1252506407714},"median_abs_dev":{"confidence_interval":{"confidence_level":0.95,"lower_bound":18196.641356945223,"upper_bound":26484.424629807472},"point_estimate":23894.76725578315,"standard_error":2106.0129668240834},"slope":null,"std_dev":{"confidence_interval":{"confidence_level":0.95,"lower_bound":16640.056556872813,"upper_bound":23341.58261821163},"point_estimate":19858.9871136917,"standard_error":1743.3227972458742}}