{"mean":{"confidence_interval":{"confidence_level":0.95,"lower_bound":2027713.7439900006,"upper_bound":2033649.1020399993},"point_estimate":2030479.1159999997,"standard_error":1516.1577951484833},"median":{"confidence_interval":{"confidence_level":0.95,"lower_bound":2024099.66,"upper_bound":2028131.96},"point_estimate":2026037.8,"standard_error":1152.180616838653},"median_abs_dev":{"confidence_interval":{"confidence_level":0.95,"lower_bound":4759.5017395019395,"upper_bound":9204.662632584517},"point_estimate":6704.791512966252,"standard_error":1249.5833025371928},"slope":null,"std_dev":{"confidence_interval":{"confidence_level":0.95,"lower_bound":9752.325843460228,"upper_bound":19696.378250534755},"point_estimate":15161.348137464762,"standard_error":2550.7204252814645}}