{"mean":{"confidence_interval":{"confidence_level":0.95,"lower_bound":3725228.0040535736,"upper_bound":3731093.699964285},"point_estimate":3728170.7050000005,"standard_error":1495.133940781168},"median":{"confidence_interval":{"confidence_level":0.95,"lower_bound":3727125.6428571427,"upper_bound":3733786.7857142854},"point_estimate":3730915.1428571427,"standard_error":1582.0371797852026},"median_abs_dev":{"confidence_interval":{"confidence_level":0.95,"lower_bound":10415.84726508155,"upper_bound":19402.044555544853},"point_estimate":13646.06195773412,"standard_error":2361.7983723266016},"slope":null,"std_dev":{"confidence_interval":{"confidence_level":0.95,"lower_bound":12835.230192276544,"upper_bound":16920.78391080183},"point_estimate":14974.276948302871,"standard_error":1041.6681052478837}}