{"mean":{"confidence_interval":{"confidence_level":0.95,"lower_bound":3243562.724265625,"upper_bound":3354482.719203125},"point_estimate":3295928.88375,"standard_error":28328.98759118087},"median":{"confidence_interval":{"confidence_level":0.95,"lower_bound":3182492.03125,"upper_bound":3271950.53125},"point_estimate":3231920.9375,"standard_error":23292.09601329531},"median_abs_dev":{"confidence_interval":{"confidence_level":0.95,"lower_bound":129383.1175217405,"upper_bound":209976.55712217093},"point_estimate":174453.3227590844,"standard_error":20362.982645320193},"slope":null,"std_dev":{"confidence_interval":{"confidence_level":0.95,"lower_bound":194316.95735808654,"upper_bound":359233.05323623243},"point_estimate":284659.90741977614,"standard_error":41984.9007305006}}