{"mean":{"confidence_interval":{"confidence_level":0.95,"lower_bound":4802940.6645,"upper_bound":4917691.627295454},"point_estimate":4858281.946363637,"standard_error":29261.331875948297},"median":{"confidence_interval":{"confidence_level":0.95,"lower_bound":4710632.545454546,"upper_bound":4829632.909090909},"point_estimate":4795256.045454546,"standard_error":29831.73061469154},"median_abs_dev":{"confidence_interval":{"confidence_level":0.95,"lower_bound":149836.73233122934,"upper_bound":275549.10669211525},"point_estimate":206574.4282234805,"standard_error":32901.189725108125},"slope":null,"std_dev":{"confidence_interval":{"confidence_level":0.95,"lower_bound":234860.79195561516,"upper_bound":346158.3018479632},"point_estimate":294536.74172878737,"standard_error":28548.940142876432}}