{"mean":{"confidence_interval":{"confidence_level":0.95,"lower_bound":2650423.3056578944,"upper_bound":2664983.0526842102},"point_estimate":2657577.962105263,"standard_error":3711.2194657322684},"median":{"confidence_interval":{"confidence_level":0.95,"lower_bound":2648884.1052631577,"upper_bound":2662773.6052631577},"point_estimate":2657755.157894737,"standard_error":3136.988652980845},"median_abs_dev":{"confidence_interval":{"confidence_level":0.95,"lower_bound":24872.64337947487,"upper_bound":40724.79737699032},"point_estimate":33865.82170928776,"standard_error":3966.166089565415},"slope":null,"std_dev":{"confidence_interval":{"confidence_level":0.95,"lower_bound":30284.6559355662,"upper_bound":43895.97506065563},"point_estimate":37239.08255187644,"standard_error":3489.59795223596}}