{"mean":{"confidence_interval":{"confidence_level":0.95,"lower_bound":991062.3827355091,"upper_bound":1002390.0615686243},"point_estimate":996533.1599821897,"standard_error":2891.013701900682},"median":{"confidence_interval":{"confidence_level":0.95,"lower_bound":981916.8641975309,"upper_bound":995229.8619763695},"point_estimate":987125.13,"standard_error":3245.567164852684},"median_abs_dev":{"confidence_interval":{"confidence_level":0.95,"lower_bound":16577.328872095524,"upper_bound":29176.258253576667},"point_estimate":22665.86175430158,"standard_error":3078.247917192609},"slope":{"confidence_interval":{"confidence_level":0.95,"lower_bound":992831.3536633896,"upper_bound":1004624.0640739087},"point_estimate":998562.7985990838,"standard_error":3002.1525589451267},"std_dev":{"confidence_interval":{"confidence_level":0.95,"lower_bound":23282.110878116273,"upper_bound":34368.30708129157},"point_estimate":29077.64438380231,"standard_error":2829.1694228605793}}