{"mean":{"confidence_interval":{"confidence_level":0.95,"lower_bound":1187859.6638909506,"upper_bound":1202415.367860591},"point_estimate":1193104.2237117048,"standard_error":4248.677196369643},"median":{"confidence_interval":{"confidence_level":0.95,"lower_bound":1186531.1684210526,"upper_bound":1189482.0666666667},"point_estimate":1187972.0415393165,"standard_error":759.3918153595625},"median_abs_dev":{"confidence_interval":{"confidence_level":0.95,"lower_bound":4138.080165965401,"upper_bound":6330.260475985647},"point_estimate":5069.1058529874035,"standard_error":558.2421884423759},"slope":{"confidence_interval":{"confidence_level":0.95,"lower_bound":1186158.869529396,"upper_bound":1188777.6497463216},"point_estimate":1187426.5122476725,"standard_error":667.5383801637777},"std_dev":{"confidence_interval":{"confidence_level":0.95,"lower_bound":4830.061703815559,"upper_bound":72765.34938248154},"point_estimate":42786.987631113356,"standard_error":23461.310241838783}}