{"mean":{"confidence_interval":{"confidence_level":0.95,"lower_bound":3415333.0198166673,"upper_bound":3418177.260083332},"point_estimate":3416708.4099999988,"standard_error":724.6839339415952},"median":{"confidence_interval":{"confidence_level":0.95,"lower_bound":3413937.0,"upper_bound":3416803.933333333},"point_estimate":3415367.0999999996,"standard_error":733.219153906887},"median_abs_dev":{"confidence_interval":{"confidence_level":0.95,"lower_bound":3716.729874014716,"upper_bound":6332.11900608226},"point_estimate":4359.239282608631,"standard_error":683.3404489799517},"slope":null,"std_dev":{"confidence_interval":{"confidence_level":0.95,"lower_bound":5572.312771789314,"upper_bound":9024.764476363507},"point_estimate":7304.369238238074,"standard_error":889.470957796568}}