{"mean":{"confidence_interval":{"confidence_level":0.95,"lower_bound":926428.1132351751,"upper_bound":945161.4284751966},"point_estimate":935348.4129260365,"standard_error":4783.189877250402},"median":{"confidence_interval":{"confidence_level":0.95,"lower_bound":915584.55625,"upper_bound":930189.5444444445},"point_estimate":921273.2039473684,"standard_error":3321.5630149309272},"median_abs_dev":{"confidence_interval":{"confidence_level":0.95,"lower_bound":19658.109387996574,"upper_bound":39823.729110422115},"point_estimate":27170.915465688995,"standard_error":5422.084355251067},"slope":{"confidence_interval":{"confidence_level":0.95,"lower_bound":919576.9112856296,"upper_bound":934077.2526161363},"point_estimate":926466.8247007537,"standard_error":3705.934751069303},"std_dev":{"confidence_interval":{"confidence_level":0.95,"lower_bound":35274.351023690724,"upper_bound":60519.89727448237},"point_estimate":48075.766584685676,"standard_error":6527.359736517079}}