{"mean":{"confidence_interval":{"confidence_level":0.95,"lower_bound":770121.3624348029,"upper_bound":790938.3249201423},"point_estimate":780049.1333067083,"standard_error":5328.71962196258},"median":{"confidence_interval":{"confidence_level":0.95,"lower_bound":764850.98,"upper_bound":780079.2827207146},"point_estimate":771762.0205745341,"standard_error":4530.9008316250365},"median_abs_dev":{"confidence_interval":{"confidence_level":0.95,"lower_bound":24352.75670241078,"upper_bound":43705.89396289015},"point_estimate":32327.365917703937,"standard_error":4799.724316595315},"slope":{"confidence_interval":{"confidence_level":0.95,"lower_bound":765535.9901287569,"upper_bound":783603.2380158292},"point_estimate":774465.012410226,"standard_error":4586.880782000466},"std_dev":{"confidence_interval":{"confidence_level":0.95,"lower_bound":38096.80483211383,"upper_bound":68593.25260754033},"point_estimate":53422.78275115384,"standard_error":7920.254882654216}}