{"mean":{"confidence_interval":{"confidence_level":0.95,"lower_bound":561342.9168688322,"upper_bound":564753.3382685661},"point_estimate":562960.8447408794,"standard_error":873.2050242024665},"median":{"confidence_interval":{"confidence_level":0.95,"lower_bound":560912.91875,"upper_bound":562136.56},"point_estimate":561381.6506968641,"standard_error":332.43274523994876},"median_abs_dev":{"confidence_interval":{"confidence_level":0.95,"lower_bound":2918.5880738386063,"upper_bound":6140.113203398777},"point_estimate":3903.322348678117,"standard_error":829.0474117954814},"slope":{"confidence_interval":{"confidence_level":0.95,"lower_bound":558806.3512686258,"upper_bound":564295.0812744023},"point_estimate":561318.9281926999,"standard_error":1406.9713104817852},"std_dev":{"confidence_interval":{"confidence_level":0.95,"lower_bound":6121.436180016485,"upper_bound":11248.87727113567},"point_estimate":8754.802587140302,"standard_error":1321.602760885448}}