{"mean":{"confidence_interval":{"confidence_level":0.95,"lower_bound":676828.3780303425,"upper_bound":680156.8954170477},"point_estimate":678527.64533948,"standard_error":854.7002861592439},"median":{"confidence_interval":{"confidence_level":0.95,"lower_bound":677353.977994228,"upper_bound":682317.5744011244},"point_estimate":680549.3598484849,"standard_error":1514.5298979588415},"median_abs_dev":{"confidence_interval":{"confidence_level":0.95,"lower_bound":6122.21898818377,"upper_bound":10665.407942189664},"point_estimate":8374.640929768655,"standard_error":1235.939478782157},"slope":{"confidence_interval":{"confidence_level":0.95,"lower_bound":675038.0670456521,"upper_bound":679520.1365358669},"point_estimate":677316.5876459287,"standard_error":1144.8671028043002},"std_dev":{"confidence_interval":{"confidence_level":0.95,"lower_bound":7337.036175539709,"upper_bound":9776.223542161206},"point_estimate":8603.837206851356,"standard_error":623.019675512799}}