{"mean":{"confidence_interval":{"confidence_level":0.95,"lower_bound":603233.092871642,"upper_bound":605752.1157943131},"point_estimate":604446.6869838107,"standard_error":641.92735735582},"median":{"confidence_interval":{"confidence_level":0.95,"lower_bound":602823.7567934783,"upper_bound":605454.6295918368},"point_estimate":604140.7413003664,"standard_error":712.0873272322196},"median_abs_dev":{"confidence_interval":{"confidence_level":0.95,"lower_bound":3923.1325003505212,"upper_bound":6243.914648635212},"point_estimate":5229.459279658595,"standard_error":583.8354904246469},"slope":{"confidence_interval":{"confidence_level":0.95,"lower_bound":602209.0430372513,"upper_bound":604313.5242960063},"point_estimate":603275.2135909561,"standard_error":538.4912943155614},"std_dev":{"confidence_interval":{"confidence_level":0.95,"lower_bound":4822.82153736625,"upper_bound":8140.737883982805},"point_estimate":6454.694885555941,"standard_error":866.5560182944163}}