{"mean":{"confidence_interval":{"confidence_level":0.95,"lower_bound":581186.2975588106,"upper_bound":584290.3912692392},"point_estimate":582476.3493799454,"standard_error":810.6630493155441},"median":{"confidence_interval":{"confidence_level":0.95,"lower_bound":580756.75,"upper_bound":581397.4432854138},"point_estimate":581096.8888888889,"standard_error":166.28063623713138},"median_abs_dev":{"confidence_interval":{"confidence_level":0.95,"lower_bound":1040.032854481608,"upper_bound":1636.3381125324893},"point_estimate":1367.8177007102718,"standard_error":153.3036028578507},"slope":{"confidence_interval":{"confidence_level":0.95,"lower_bound":581474.7326845821,"upper_bound":583001.1134423407},"point_estimate":582101.2415782474,"standard_error":395.8345714880205},"std_dev":{"confidence_interval":{"confidence_level":0.95,"lower_bound":1658.8921345399451,"upper_bound":13100.505057659162},"point_estimate":8193.005383247064,"standard_error":3109.7431351458263}}