{"mean":{"confidence_interval":{"confidence_level":0.95,"lower_bound":0.18302955731666706,"upper_bound":0.19021051719310322},"point_estimate":0.18670826642475213,"standard_error":0.001825158581362441},"median":{"confidence_interval":{"confidence_level":0.95,"lower_bound":0.18388683945405915,"upper_bound":0.1883074126387058},"point_estimate":0.1853676961413815,"standard_error":0.0010267120113252317}}