{"mean":{"confidence_interval":{"confidence_level":0.95,"lower_bound":572682.1593950383,"upper_bound":573215.4274100041},"point_estimate":572943.9371046502,"standard_error":135.49488221116857},"median":{"confidence_interval":{"confidence_level":0.95,"lower_bound":572412.0103169857,"upper_bound":573071.1717857143},"point_estimate":572742.3682372505,"standard_error":180.613172043236},"median_abs_dev":{"confidence_interval":{"confidence_level":0.95,"lower_bound":999.2900322590391,"upper_bound":1744.9251724426206},"point_estimate":1299.6677533786549,"standard_error":176.1834582906009},"slope":{"confidence_interval":{"confidence_level":0.95,"lower_bound":572294.7906725918,"upper_bound":572875.8570880506},"point_estimate":572575.0936707552,"standard_error":148.32367563118984},"std_dev":{"confidence_interval":{"confidence_level":0.95,"lower_bound":1146.2229000550767,"upper_bound":1575.495524757193},"point_estimate":1359.1872416072772,"standard_error":110.12021351001069}}