{"mean":{"confidence_interval":{"confidence_level":0.95,"lower_bound":707703.653632965,"upper_bound":709450.7555813919},"point_estimate":708576.8538335811,"standard_error":447.3829569490336},"median":{"confidence_interval":{"confidence_level":0.95,"lower_bound":707684.3188405797,"upper_bound":709619.9693877551},"point_estimate":708790.2046675192,"standard_error":499.78680359637303},"median_abs_dev":{"confidence_interval":{"confidence_level":0.95,"lower_bound":3393.0379834456517,"upper_bound":5841.660901708019},"point_estimate":4658.131592223253,"standard_error":635.193857188833},"slope":{"confidence_interval":{"confidence_level":0.95,"lower_bound":707567.329805327,"upper_bound":709648.373293167},"point_estimate":708617.166211024,"standard_error":530.9808569391436},"std_dev":{"confidence_interval":{"confidence_level":0.95,"lower_bound":3877.983875455599,"upper_bound":5075.975901549348},"point_estimate":4506.637765251608,"standard_error":304.3097380086449}}