{"mean":{"confidence_interval":{"confidence_level":0.95,"lower_bound":573140.5633547633,"upper_bound":573669.465466364},"point_estimate":573402.4159067036,"standard_error":134.99723391418277},"median":{"confidence_interval":{"confidence_level":0.95,"lower_bound":573073.775,"upper_bound":573645.712148522},"point_estimate":573380.642631579,"standard_error":148.46958944065008},"median_abs_dev":{"confidence_interval":{"confidence_level":0.95,"lower_bound":964.3888929159814,"upper_bound":1525.6707040175338},"point_estimate":1193.5864494267364,"standard_error":141.42215335482052},"slope":{"confidence_interval":{"confidence_level":0.95,"lower_bound":572611.9884693758,"upper_bound":573131.6317534191},"point_estimate":572862.3769351264,"standard_error":132.53533797606255},"std_dev":{"confidence_interval":{"confidence_level":0.95,"lower_bound":1111.7283322208445,"upper_bound":1581.0885331332993},"point_estimate":1353.9346087559702,"standard_error":119.93538591841259}}