{"mean":{"confidence_interval":{"confidence_level":0.95,"lower_bound":715908.5891608263,"upper_bound":718823.1174378245},"point_estimate":717361.4173125832,"standard_error":745.5935272187047},"median":{"confidence_interval":{"confidence_level":0.95,"lower_bound":715145.1710526316,"upper_bound":718853.0},"point_estimate":717253.6494252874,"standard_error":916.913892159477},"median_abs_dev":{"confidence_interval":{"confidence_level":0.95,"lower_bound":6588.765736075769,"upper_bound":10943.404263252538},"point_estimate":9094.483584082798,"standard_error":1117.2117419121028},"slope":{"confidence_interval":{"confidence_level":0.95,"lower_bound":713700.7320902,"upper_bound":717457.7603215803},"point_estimate":715537.4593010197,"standard_error":958.0972044881776},"std_dev":{"confidence_interval":{"confidence_level":0.95,"lower_bound":6623.467445165725,"upper_bound":8292.656204378676},"point_estimate":7509.248049834134,"standard_error":427.8106097181017}}