{"mean":{"confidence_interval":{"confidence_level":0.95,"lower_bound":858217.5291343913,"upper_bound":867794.3032062554},"point_estimate":862900.6950153987,"standard_error":2448.809089010939},"median":{"confidence_interval":{"confidence_level":0.95,"lower_bound":854016.0245180724,"upper_bound":860783.9993620415},"point_estimate":856389.7588141025,"standard_error":1683.0860395138861},"median_abs_dev":{"confidence_interval":{"confidence_level":0.95,"lower_bound":10879.32272518676,"upper_bound":20918.808847144308},"point_estimate":15771.864047138428,"standard_error":2643.080784386373},"slope":{"confidence_interval":{"confidence_level":0.95,"lower_bound":849819.7795779817,"upper_bound":858506.6642999656},"point_estimate":853818.1117112457,"standard_error":2224.563291113628},"std_dev":{"confidence_interval":{"confidence_level":0.95,"lower_bound":19727.066111292548,"upper_bound":28776.961585471352},"point_estimate":24608.463885232748,"standard_error":2319.332267887679}}