{"mean":{"confidence_interval":{"confidence_level":0.95,"lower_bound":538213.5192123771,"upper_bound":540575.5799342209},"point_estimate":539323.1464743586,"standard_error":604.1436599462924},"median":{"confidence_interval":{"confidence_level":0.95,"lower_bound":536646.4761904762,"upper_bound":537495.4736842106},"point_estimate":536855.2882352942,"standard_error":189.71944419348543},"median_abs_dev":{"confidence_interval":{"confidence_level":0.95,"lower_bound":1046.0555162067633,"upper_bound":2147.8768274520903},"point_estimate":1327.9461631821866,"standard_error":271.9116531578449},"slope":{"confidence_interval":{"confidence_level":0.95,"lower_bound":538286.4116032721,"upper_bound":540684.105386347},"point_estimate":539396.342989508,"standard_error":613.2086107738943},"std_dev":{"confidence_interval":{"confidence_level":0.95,"lower_bound":4257.130057109114,"upper_bound":7583.753964305326},"point_estimate":6064.774822456065,"standard_error":849.78766516231}}