{"mean":{"confidence_interval":{"confidence_level":0.95,"lower_bound":624709.9370637666,"upper_bound":625483.8802622954},"point_estimate":625063.1601676117,"standard_error":197.73373015853275},"median":{"confidence_interval":{"confidence_level":0.95,"lower_bound":624563.1545454545,"upper_bound":625383.4191176471},"point_estimate":624925.3439716313,"standard_error":195.6754284285291},"median_abs_dev":{"confidence_interval":{"confidence_level":0.95,"lower_bound":1293.605542033859,"upper_bound":1978.304253906347},"point_estimate":1644.0219067503056,"standard_error":177.93686630860364},"slope":{"confidence_interval":{"confidence_level":0.95,"lower_bound":624985.8978547208,"upper_bound":625563.5935818353},"point_estimate":625274.9358593173,"standard_error":147.54994432287},"std_dev":{"confidence_interval":{"confidence_level":0.95,"lower_bound":1282.0165862710185,"upper_bound":2826.7029346891677},"point_estimate":1980.8897851454567,"standard_error":467.8787608019284}}