{"mean":{"confidence_interval":{"confidence_level":0.95,"lower_bound":922554.7741440667,"upper_bound":946226.0408686985},"point_estimate":933825.479454542,"standard_error":6048.002872798267},"median":{"confidence_interval":{"confidence_level":0.95,"lower_bound":907636.3855421686,"upper_bound":937071.6634615385},"point_estimate":918792.7321428572,"standard_error":8243.856881950203},"median_abs_dev":{"confidence_interval":{"confidence_level":0.95,"lower_bound":38608.64564772094,"upper_bound":60975.54577596844},"point_estimate":49322.30129729949,"standard_error":5811.326484758437},"slope":{"confidence_interval":{"confidence_level":0.95,"lower_bound":902555.8012077762,"upper_bound":926886.6815339434},"point_estimate":914074.8919077878,"standard_error":6224.074736389289},"std_dev":{"confidence_interval":{"confidence_level":0.95,"lower_bound":44690.93694616703,"upper_bound":78016.3024583858},"point_estimate":60807.83647094757,"standard_error":8775.842446937992}}