{"mean":{"confidence_interval":{"confidence_level":0.95,"lower_bound":4881129.4815,"upper_bound":4982215.12705},"point_estimate":4930272.251999998,"standard_error":25799.858553222995},"median":{"confidence_interval":{"confidence_level":0.95,"lower_bound":4836206.9,"upper_bound":4901537.15},"point_estimate":4859972.0,"standard_error":16681.876242885835},"median_abs_dev":{"confidence_interval":{"confidence_level":0.95,"lower_bound":117615.02656191587,"upper_bound":218054.7995987537},"point_estimate":176000.77721536215,"standard_error":26529.17839445946},"slope":null,"std_dev":{"confidence_interval":{"confidence_level":0.95,"lower_bound":200578.99310136383,"upper_bound":312314.8625687068},"point_estimate":259948.2585179396,"standard_error":28622.821043175067}}