{"mean":{"confidence_interval":{"confidence_level":0.95,"lower_bound":4911525.201000001,"upper_bound":4988760.89768182},"point_estimate":4949828.090000002,"standard_error":19736.148618440082},"median":{"confidence_interval":{"confidence_level":0.95,"lower_bound":4918441.090909091,"upper_bound":4988741.545454546},"point_estimate":4949550.363636363,"standard_error":16996.566515546525},"median_abs_dev":{"confidence_interval":{"confidence_level":0.95,"lower_bound":133327.11565115384,"upper_bound":242642.52397359753},"point_estimate":181060.29788553645,"standard_error":29087.845225860758},"slope":null,"std_dev":{"confidence_interval":{"confidence_level":0.95,"lower_bound":169028.17045485493,"upper_bound":228550.02201818558},"point_estimate":199438.3920994381,"standard_error":15240.241050443774}}