{"mean":{"confidence_interval":{"confidence_level":0.95,"lower_bound":4803852.56456818,"upper_bound":4918409.5667954525},"point_estimate":4857696.491818179,"standard_error":29168.997134297402},"median":{"confidence_interval":{"confidence_level":0.95,"lower_bound":4766357.681818182,"upper_bound":4852747.454545454},"point_estimate":4807311.681818182,"standard_error":21432.206916406318},"median_abs_dev":{"confidence_interval":{"confidence_level":0.95,"lower_bound":144121.99345041343,"upper_bound":232758.01984044618},"point_estimate":181119.87144811562,"standard_error":22366.98928468053},"slope":null,"std_dev":{"confidence_interval":{"confidence_level":0.95,"lower_bound":198545.23741181722,"upper_bound":378608.99522008584},"point_estimate":293827.51392029616,"standard_error":45963.586704521076}}