{"mean":{"confidence_interval":{"confidence_level":0.95,"lower_bound":4234026.4417115385,"upper_bound":4359530.561788459},"point_estimate":4296496.39153846,"standard_error":32017.913046533642},"median":{"confidence_interval":{"confidence_level":0.95,"lower_bound":4201694.615384615,"upper_bound":4371365.153846154},"point_estimate":4291080.153846154,"standard_error":41299.94849229264},"median_abs_dev":{"confidence_interval":{"confidence_level":0.95,"lower_bound":263972.9907212354,"upper_bound":452329.577920121},"point_estimate":376566.251591536,"standard_error":46370.51924258975},"slope":null,"std_dev":{"confidence_interval":{"confidence_level":0.95,"lower_bound":275072.05756647803,"upper_bound":363829.05734694935},"point_estimate":319995.7580280917,"standard_error":22725.779163319497}}