{"mean":{"confidence_interval":{"confidence_level":0.95,"lower_bound":3261097.3156250003,"upper_bound":3308082.583703125},"point_estimate":3284965.965625,"standard_error":11960.468296954943},"median":{"confidence_interval":{"confidence_level":0.95,"lower_bound":3262660.0,"upper_bound":3334532.78125},"point_estimate":3306844.9375,"standard_error":18030.271481496293},"median_abs_dev":{"confidence_interval":{"confidence_level":0.95,"lower_bound":98306.9417797029,"upper_bound":161457.17570856214},"point_estimate":124058.12806002796,"standard_error":16761.018958365985},"slope":null,"std_dev":{"confidence_interval":{"confidence_level":0.95,"lower_bound":104434.3356420914,"upper_bound":134389.37155712448},"point_estimate":120297.81316182253,"standard_error":7675.4775341720215}}