{"mean":{"confidence_interval":{"confidence_level":0.95,"lower_bound":4705607.8228409095,"upper_bound":4785543.486681818},"point_estimate":4742113.200909089,"standard_error":20463.154359644104},"median":{"confidence_interval":{"confidence_level":0.95,"lower_bound":4684841.045454545,"upper_bound":4730945.363636363},"point_estimate":4704659.090909091,"standard_error":11647.502530506426},"median_abs_dev":{"confidence_interval":{"confidence_level":0.95,"lower_bound":68367.80649531978,"upper_bound":128574.50665371148},"point_estimate":95714.96952799184,"standard_error":15524.572595471438},"slope":null,"std_dev":{"confidence_interval":{"confidence_level":0.95,"lower_bound":114811.32269071463,"upper_bound":286727.54826803395},"point_estimate":206166.52814293982,"standard_error":44707.372618929905}}