{"mean":{"confidence_interval":{"confidence_level":0.95,"lower_bound":2741644.141473684,"upper_bound":2751063.1133026322},"point_estimate":2746262.400526315,"standard_error":2406.5053020611726},"median":{"confidence_interval":{"confidence_level":0.95,"lower_bound":2736997.6315789474,"upper_bound":2750789.289473684},"point_estimate":2744328.8157894737,"standard_error":3912.9717629827373},"median_abs_dev":{"confidence_interval":{"confidence_level":0.95,"lower_bound":18957.530846199912,"upper_bound":29542.521170252265},"point_estimate":24049.215157251663,"standard_error":2577.2879884253066},"slope":null,"std_dev":{"confidence_interval":{"confidence_level":0.95,"lower_bound":20473.036565730956,"upper_bound":27923.244289993178},"point_estimate":24266.333017390778,"standard_error":1906.4446487834791}}