{"mean":{"confidence_interval":{"confidence_level":0.95,"lower_bound":4020232.305980768,"upper_bound":4111092.645961537},"point_estimate":4064516.3569230763,"standard_error":23163.995388119376},"median":{"confidence_interval":{"confidence_level":0.95,"lower_bound":3964093.3846153845,"upper_bound":4080831.923076923},"point_estimate":4019831.846153846,"standard_error":32417.46115379788},"median_abs_dev":{"confidence_interval":{"confidence_level":0.95,"lower_bound":165126.96703764106,"upper_bound":281809.41255572916},"point_estimate":230425.00363221506,"standard_error":29755.914975788302},"slope":null,"std_dev":{"confidence_interval":{"confidence_level":0.95,"lower_bound":190256.70209947767,"upper_bound":279282.78259361436},"point_estimate":234333.33338742296,"standard_error":23054.73037219817}}