{"mean":{"confidence_interval":{"confidence_level":0.95,"lower_bound":1477559.485775133,"upper_bound":1483843.2831633117},"point_estimate":1480608.0714104562,"standard_error":1603.9406532303797},"median":{"confidence_interval":{"confidence_level":0.95,"lower_bound":1477151.1365182437,"upper_bound":1483995.5671641792},"point_estimate":1479479.4590163934,"standard_error":1629.9312287633022},"median_abs_dev":{"confidence_interval":{"confidence_level":0.95,"lower_bound":10238.913653740754,"upper_bound":15972.318536595874},"point_estimate":12903.991183014738,"standard_error":1506.26726511458},"slope":{"confidence_interval":{"confidence_level":0.95,"lower_bound":1475131.5762001374,"upper_bound":1480240.7201800083},"point_estimate":1477573.1769824147,"standard_error":1299.5503688463139},"std_dev":{"confidence_interval":{"confidence_level":0.95,"lower_bound":12213.610015078764,"upper_bound":20295.233709004344},"point_estimate":16115.650662297956,"standard_error":2098.209942131527}}