{"mean":{"confidence_interval":{"confidence_level":0.95,"lower_bound":2716710.114249999,"upper_bound":2729101.12138158},"point_estimate":2722856.1915789484,"standard_error":3148.007006427367},"median":{"confidence_interval":{"confidence_level":0.95,"lower_bound":2716413.0,"upper_bound":2725997.4210526315},"point_estimate":2721839.3157894732,"standard_error":2727.549884224172},"median_abs_dev":{"confidence_interval":{"confidence_level":0.95,"lower_bound":20315.779697875485,"upper_bound":36292.564755677835},"point_estimate":25797.3175735849,"standard_error":3996.9505014355695},"slope":null,"std_dev":{"confidence_interval":{"confidence_level":0.95,"lower_bound":26617.03153118971,"upper_bound":35933.98985893318},"point_estimate":31524.03508924643,"standard_error":2383.230299442733}}