{"mean":{"confidence_interval":{"confidence_level":0.95,"lower_bound":3516989.41205,"upper_bound":3521192.19825},"point_estimate":3519072.3759999997,"standard_error":1076.3672914794709},"median":{"confidence_interval":{"confidence_level":0.95,"lower_bound":3515547.833333333,"upper_bound":3521141.2},"point_estimate":3518784.466666667,"standard_error":1444.9791889605503},"median_abs_dev":{"confidence_interval":{"confidence_level":0.95,"lower_bound":9350.240359500152,"upper_bound":14737.191998361988},"point_estimate":12429.327459334821,"standard_error":1439.0655765752572},"slope":null,"std_dev":{"confidence_interval":{"confidence_level":0.95,"lower_bound":9511.108490870467,"upper_bound":11839.508257277412},"point_estimate":10761.534408038666,"standard_error":595.7932333163476}}