{"mean":{"confidence_interval":{"confidence_level":0.95,"lower_bound":3289480.3474062504,"upper_bound":3291532.496265625},"point_estimate":3290411.71625,"standard_error":521.9926222912028},"median":{"confidence_interval":{"confidence_level":0.95,"lower_bound":3289158.6875,"upper_bound":3290667.0625},"point_estimate":3289816.46875,"standard_error":396.89394006476255},"median_abs_dev":{"confidence_interval":{"confidence_level":0.95,"lower_bound":2233.1662103533745,"upper_bound":4462.440595775843},"point_estimate":3566.023586690426,"standard_error":603.1456654858251},"slope":null,"std_dev":{"confidence_interval":{"confidence_level":0.95,"lower_bound":3173.48084356959,"upper_bound":7617.588750397235},"point_estimate":5238.572991023173,"standard_error":1357.108138182143}}