{"mean":{"confidence_interval":{"confidence_level":0.95,"lower_bound":2961228.337882352,"upper_bound":2962903.173235295},"point_estimate":2962005.0970588243,"standard_error":427.78422714879144},"median":{"confidence_interval":{"confidence_level":0.95,"lower_bound":2960590.7647058824,"upper_bound":2961896.6470588236},"point_estimate":2961235.029411765,"standard_error":313.10834047908247},"median_abs_dev":{"confidence_interval":{"confidence_level":0.95,"lower_bound":1931.7841598218054,"upper_bound":3819.535100424923},"point_estimate":2786.5030446471665,"standard_error":480.6882220906704},"slope":null,"std_dev":{"confidence_interval":{"confidence_level":0.95,"lower_bound":2763.238643862988,"upper_bound":5964.355534585993},"point_estimate":4312.325073909538,"standard_error":858.6486238807531}}