{"mean":{"confidence_interval":{"confidence_level":0.95,"lower_bound":1085416.8171723746,"upper_bound":1086613.5241834966},"point_estimate":1085999.41896037,"standard_error":305.6198229654668},"median":{"confidence_interval":{"confidence_level":0.95,"lower_bound":1085080.9375,"upper_bound":1086027.4275983146},"point_estimate":1085609.7588869464,"standard_error":226.32823628969842},"median_abs_dev":{"confidence_interval":{"confidence_level":0.95,"lower_bound":1668.3552412071813,"upper_bound":3333.8928542237627},"point_estimate":2174.2780785562145,"standard_error":423.007154246401},"slope":{"confidence_interval":{"confidence_level":0.95,"lower_bound":1085381.5770897202,"upper_bound":1086956.8996213733},"point_estimate":1086151.5279917244,"standard_error":403.3720545917175},"std_dev":{"confidence_interval":{"confidence_level":0.95,"lower_bound":2533.4008788786005,"upper_bound":3592.7432010456214},"point_estimate":3087.2044757407857,"standard_error":272.0176054475161}}