{"mean":{"confidence_interval":{"confidence_level":0.95,"lower_bound":2731017.9795526313,"upper_bound":2756359.840118421},"point_estimate":2743266.667894736,"standard_error":6467.992559987503},"median":{"confidence_interval":{"confidence_level":0.95,"lower_bound":2712140.947368421,"upper_bound":2740393.3157894737},"point_estimate":2722046.1315789474,"standard_error":6829.545136785481},"median_abs_dev":{"confidence_interval":{"confidence_level":0.95,"lower_bound":43580.2459105069,"upper_bound":74542.94179238731},"point_estimate":58484.23820906582,"standard_error":8021.275744377551},"slope":null,"std_dev":{"confidence_interval":{"confidence_level":0.95,"lower_bound":55034.43534042796,"upper_bound":72603.81368074846},"point_estimate":64673.06027148762,"standard_error":4476.2453306485795}}