{"mean":{"confidence_interval":{"confidence_level":0.95,"lower_bound":3393960.7482166653,"upper_bound":3396759.5007333336},"point_estimate":3395261.1166666658,"standard_error":716.3800129219869},"median":{"confidence_interval":{"confidence_level":0.95,"lower_bound":3393690.3666666667,"upper_bound":3395300.4000000004},"point_estimate":3394597.0,"standard_error":373.44810082145693},"median_abs_dev":{"confidence_interval":{"confidence_level":0.95,"lower_bound":2738.0162113907486,"upper_bound":5288.088166117921},"point_estimate":3622.5353556871873,"standard_error":647.0073716108532},"slope":null,"std_dev":{"confidence_interval":{"confidence_level":0.95,"lower_bound":4546.43974620854,"upper_bound":9924.724459567884},"point_estimate":7227.26882048678,"standard_error":1425.466686658671}}