{"mean":{"confidence_interval":{"confidence_level":0.95,"lower_bound":1206665.5011199925,"upper_bound":1210488.5325851908},"point_estimate":1208536.534096195,"standard_error":973.2021927400596},"median":{"confidence_interval":{"confidence_level":0.95,"lower_bound":1203969.44,"upper_bound":1209351.5464426877},"point_estimate":1205788.3076923077,"standard_error":1325.6511858044869},"median_abs_dev":{"confidence_interval":{"confidence_level":0.95,"lower_bound":6997.982188261137,"upper_bound":11561.30177697805},"point_estimate":9391.557848774624,"standard_error":1169.211933352669},"slope":{"confidence_interval":{"confidence_level":0.95,"lower_bound":1202559.748964676,"upper_bound":1205580.8876834263},"point_estimate":1203977.695442589,"standard_error":771.495038209345},"std_dev":{"confidence_interval":{"confidence_level":0.95,"lower_bound":8297.886144747728,"upper_bound":11067.977777070753},"point_estimate":9771.948725555267,"standard_error":709.6065323805379}}