{"mean":{"confidence_interval":{"confidence_level":0.95,"lower_bound":3208984.4725,"upper_bound":3217016.175},"point_estimate":3212668.88625,"standard_error":2058.338631465947},"median":{"confidence_interval":{"confidence_level":0.95,"lower_bound":3205157.25,"upper_bound":3210222.9375},"point_estimate":3207707.28125,"standard_error":1193.2246385098413},"median_abs_dev":{"confidence_interval":{"confidence_level":0.95,"lower_bound":6782.9412108287215,"upper_bound":11346.615586057305},"point_estimate":8830.82875572145,"standard_error":1236.52021549392},"slope":null,"std_dev":{"confidence_interval":{"confidence_level":0.95,"lower_bound":12753.50257213439,"upper_bound":27190.152105044726},"point_estimate":20657.092012196717,"standard_error":3702.664600191982}}