{"mean":{"confidence_interval":{"confidence_level":0.95,"lower_bound":2915999.52326389,"upper_bound":2919990.1283194446},"point_estimate":2917910.1627777787,"standard_error":1015.2490388127203},"median":{"confidence_interval":{"confidence_level":0.95,"lower_bound":2914278.0555555555,"upper_bound":2919189.222222222},"point_estimate":2916880.888888889,"standard_error":1255.7303202253672},"median_abs_dev":{"confidence_interval":{"confidence_level":0.95,"lower_bound":5876.861562331671,"upper_bound":10468.885514139898},"point_estimate":8310.878885785585,"standard_error":1165.2201452408851},"slope":null,"std_dev":{"confidence_interval":{"confidence_level":0.95,"lower_bound":7409.081309739599,"upper_bound":12758.454908743466},"point_estimate":10194.38739726685,"standard_error":1363.642547919215}}