{"mean":{"confidence_interval":{"confidence_level":0.95,"lower_bound":3225143.9381718747,"upper_bound":3268328.586921875},"point_estimate":3246590.105625,"standard_error":10998.930305902219},"median":{"confidence_interval":{"confidence_level":0.95,"lower_bound":3215140.9375,"upper_bound":3272407.28125},"point_estimate":3242191.78125,"standard_error":14317.769054100143},"median_abs_dev":{"confidence_interval":{"confidence_level":0.95,"lower_bound":95389.2776940018,"upper_bound":147967.83251054585},"point_estimate":122683.98954067379,"standard_error":12800.661041320856},"slope":null,"std_dev":{"confidence_interval":{"confidence_level":0.95,"lower_bound":95724.96021910141,"upper_bound":122371.39823812395},"point_estimate":109837.8042026886,"standard_error":6816.64867830494}}