{"mean":{"confidence_interval":{"confidence_level":0.95,"lower_bound":3218262.3311093748,"upper_bound":3222246.008484375},"point_estimate":3220069.0325,"standard_error":1017.9633864201484},"median":{"confidence_interval":{"confidence_level":0.95,"lower_bound":3217168.5625,"upper_bound":3219051.875},"point_estimate":3217686.78125,"standard_error":493.2600100629193},"median_abs_dev":{"confidence_interval":{"confidence_level":0.95,"lower_bound":3275.6193168461323,"upper_bound":5440.1863213861325},"point_estimate":4142.060007713735,"standard_error":564.60554611778},"slope":null,"std_dev":{"confidence_interval":{"confidence_level":0.95,"lower_bound":5728.663678918947,"upper_bound":14096.832241795903},"point_estimate":10264.88941155383,"standard_error":2141.2531523543676}}