{"mean":{"confidence_interval":{"confidence_level":0.95,"lower_bound":1099524.6148152417,"upper_bound":1100691.6359476524},"point_estimate":1100084.531471629,"standard_error":297.37455660400167},"median":{"confidence_interval":{"confidence_level":0.95,"lower_bound":1099045.808139535,"upper_bound":1100583.144736842},"point_estimate":1099768.085609756,"standard_error":428.18150858747487},"median_abs_dev":{"confidence_interval":{"confidence_level":0.95,"lower_bound":2004.2883084978967,"upper_bound":3056.4045557380527},"point_estimate":2451.289838858041,"standard_error":269.5883319428042},"slope":{"confidence_interval":{"confidence_level":0.95,"lower_bound":1099839.654784631,"upper_bound":1100824.2509820287},"point_estimate":1100331.5078764593,"standard_error":251.09596447775124},"std_dev":{"confidence_interval":{"confidence_level":0.95,"lower_bound":2200.8285622953945,"upper_bound":3848.2021225551175},"point_estimate":2983.367821212302,"standard_error":436.0350268515603}}