{"mean":{"confidence_interval":{"confidence_level":0.95,"lower_bound":2704389.6051666667,"upper_bound":2781252.885930556},"point_estimate":2739448.0594444447,"standard_error":19638.18004091503},"median":{"confidence_interval":{"confidence_level":0.95,"lower_bound":2673797.277777778,"upper_bound":2727538.5},"point_estimate":2696199.861111111,"standard_error":14005.743658518384},"median_abs_dev":{"confidence_interval":{"confidence_level":0.95,"lower_bound":74458.97114475549,"upper_bound":127387.37837175513},"point_estimate":94399.77605740225,"standard_error":14052.499973128988},"slope":null,"std_dev":{"confidence_interval":{"confidence_level":0.95,"lower_bound":117194.93470408373,"upper_bound":277678.13621430524},"point_estimate":197572.59031366732,"standard_error":42863.073724484224}}