{"mean":{"confidence_interval":{"confidence_level":0.95,"lower_bound":948096.0216020038,"upper_bound":950116.5169372574},"point_estimate":949103.0808950368,"standard_error":516.456698254071},"median":{"confidence_interval":{"confidence_level":0.95,"lower_bound":947553.8666666667,"upper_bound":950150.6046966731},"point_estimate":949073.0535714286,"standard_error":662.520326370479},"median_abs_dev":{"confidence_interval":{"confidence_level":0.95,"lower_bound":3303.217214265093,"upper_bound":6650.346461035277},"point_estimate":4738.854416868542,"standard_error":811.9117592229272},"slope":{"confidence_interval":{"confidence_level":0.95,"lower_bound":948981.8164748339,"upper_bound":951008.0753717842},"point_estimate":949983.9721205852,"standard_error":517.8999391526032},"std_dev":{"confidence_interval":{"confidence_level":0.95,"lower_bound":4439.551388918673,"upper_bound":5814.998995529515},"point_estimate":5160.678988561245,"standard_error":348.930010908381}}