{"mean":{"confidence_interval":{"confidence_level":0.95,"lower_bound":2613902.0313875,"upper_bound":2683385.7589000002},"point_estimate":2647406.222,"standard_error":17718.680273078924},"median":{"confidence_interval":{"confidence_level":0.95,"lower_bound":2580548.05,"upper_bound":2653987.0},"point_estimate":2638975.65,"standard_error":20606.191291681498},"median_abs_dev":{"confidence_interval":{"confidence_level":0.95,"lower_bound":102242.09569484009,"upper_bound":186041.50021210298},"point_estimate":142111.06223702445,"standard_error":22325.41273278781},"slope":null,"std_dev":{"confidence_interval":{"confidence_level":0.95,"lower_bound":134823.36222427455,"upper_bound":220418.02975026728},"point_estimate":178166.49348872306,"standard_error":22145.71811745021}}