{"mean":{"confidence_interval":{"confidence_level":0.95,"lower_bound":930079.4685336645,"upper_bound":932759.7148962425},"point_estimate":931387.8364922456,"standard_error":685.1934016440766},"median":{"confidence_interval":{"confidence_level":0.95,"lower_bound":929099.3786549708,"upper_bound":932188.2275641025},"point_estimate":931015.0117346939,"standard_error":887.3482837023944},"median_abs_dev":{"confidence_interval":{"confidence_level":0.95,"lower_bound":4846.011666704199,"upper_bound":7784.041440644232},"point_estimate":6285.843025601547,"standard_error":751.0955765810014},"slope":{"confidence_interval":{"confidence_level":0.95,"lower_bound":929701.870932899,"upper_bound":932172.1348751833},"point_estimate":930908.8428239988,"standard_error":631.6933195078899},"std_dev":{"confidence_interval":{"confidence_level":0.95,"lower_bound":5516.636437528455,"upper_bound":8202.608289851025},"point_estimate":6878.547370667485,"standard_error":690.2147688368668}}