{"mean":{"confidence_interval":{"confidence_level":0.95,"lower_bound":2033383.59771,"upper_bound":2074431.9232300008},"point_estimate":2053067.9904000005,"standard_error":10494.710096356639},"median":{"confidence_interval":{"confidence_level":0.95,"lower_bound":2011747.08,"upper_bound":2031959.12},"point_estimate":2019083.08,"standard_error":5086.484030519279},"median_abs_dev":{"confidence_interval":{"confidence_level":0.95,"lower_bound":44430.73392319696,"upper_bound":78575.88679229918},"point_estimate":58355.31287598592,"standard_error":8572.613329055084},"slope":null,"std_dev":{"confidence_interval":{"confidence_level":0.95,"lower_bound":79721.33854872822,"upper_bound":127754.87240597962},"point_estimate":105444.6992272075,"standard_error":12334.988092392006}}