{"mean":{"confidence_interval":{"confidence_level":0.95,"lower_bound":1865487.3747343244,"upper_bound":1867800.400670579},"point_estimate":1866622.54486862,"standard_error":589.4854180769136},"median":{"confidence_interval":{"confidence_level":0.95,"lower_bound":1864642.421892114,"upper_bound":1866937.3708683474},"point_estimate":1865793.5634057971,"standard_error":540.5335130334271},"median_abs_dev":{"confidence_interval":{"confidence_level":0.95,"lower_bound":4091.853280526018,"upper_bound":6287.423696153693},"point_estimate":4984.282959496251,"standard_error":547.3060984245352},"slope":{"confidence_interval":{"confidence_level":0.95,"lower_bound":1865450.6745440033,"upper_bound":1867694.219297885},"point_estimate":1866538.0056066203,"standard_error":573.7230260772662},"std_dev":{"confidence_interval":{"confidence_level":0.95,"lower_bound":4902.907569561825,"upper_bound":6827.8621287188125},"point_estimate":5924.625418706348,"standard_error":490.3442734159314}}