{"mean":{"confidence_interval":{"confidence_level":0.95,"lower_bound":2044926.4694299996,"upper_bound":2048759.0745699985},"point_estimate":2046866.1288000003,"standard_error":980.4650362196545},"median":{"confidence_interval":{"confidence_level":0.95,"lower_bound":2044423.06,"upper_bound":2048511.36},"point_estimate":2046215.18,"standard_error":1164.819053167908},"median_abs_dev":{"confidence_interval":{"confidence_level":0.95,"lower_bound":5835.8270662930445,"upper_bound":10183.340218609581},"point_estimate":7698.252103328912,"standard_error":1094.1499891035487},"slope":null,"std_dev":{"confidence_interval":{"confidence_level":0.95,"lower_bound":8078.5488045063,"upper_bound":11525.587457899197},"point_estimate":9844.96538183461,"standard_error":882.3811405190532}}