{"mean":{"confidence_interval":{"confidence_level":0.95,"lower_bound":2303469.4311704547,"upper_bound":2319540.8481477275},"point_estimate":2311413.041363637,"standard_error":4116.295022675029},"median":{"confidence_interval":{"confidence_level":0.95,"lower_bound":2295064.272727273,"upper_bound":2320189.4772727275},"point_estimate":2310567.909090909,"standard_error":6363.886654460779},"median_abs_dev":{"confidence_interval":{"confidence_level":0.95,"lower_bound":35431.848080049924,"upper_bound":57817.7598644386},"point_estimate":47013.61581534147,"standard_error":5826.27951510192},"slope":null,"std_dev":{"confidence_interval":{"confidence_level":0.95,"lower_bound":35515.58327312631,"upper_bound":47787.80148701049},"point_estimate":41500.33283025822,"standard_error":3158.250845969006}}