{"mean":{"confidence_interval":{"confidence_level":0.95,"lower_bound":1146018.0122939954,"upper_bound":1155111.5526703906},"point_estimate":1150364.7152617406,"standard_error":2317.7389752338554},"median":{"confidence_interval":{"confidence_level":0.95,"lower_bound":1146716.7777777778,"upper_bound":1152392.7878787878},"point_estimate":1149487.2232789856,"standard_error":1380.291542691233},"median_abs_dev":{"confidence_interval":{"confidence_level":0.95,"lower_bound":7535.987040016805,"upper_bound":12706.539428761826},"point_estimate":9592.292006278652,"standard_error":1320.2514620224217},"slope":{"confidence_interval":{"confidence_level":0.95,"lower_bound":1150491.217400029,"upper_bound":1158098.540891844},"point_estimate":1153935.3651544258,"standard_error":1946.005585312001},"std_dev":{"confidence_interval":{"confidence_level":0.95,"lower_bound":15849.586496841079,"upper_bound":29736.203365205667},"point_estimate":23296.40423458637,"standard_error":3568.9919026562507}}