{"mean":{"confidence_interval":{"confidence_level":0.95,"lower_bound":2519053.674736843,"upper_bound":2569754.421052632},"point_estimate":2543602.541052632,"standard_error":12938.12551476824},"median":{"confidence_interval":{"confidence_level":0.95,"lower_bound":2509697.736842105,"upper_bound":2551848.0},"point_estimate":2535332.1052631577,"standard_error":12174.15808474654},"median_abs_dev":{"confidence_interval":{"confidence_level":0.95,"lower_bound":82924.78172779083,"upper_bound":139014.93115488676},"point_estimate":117395.54324212819,"standard_error":14620.221719793612},"slope":null,"std_dev":{"confidence_interval":{"confidence_level":0.95,"lower_bound":101753.41605700112,"upper_bound":154079.2525373009},"point_estimate":129255.14425719663,"standard_error":13350.194302413298}}