{"mean":{"confidence_interval":{"confidence_level":0.95,"lower_bound":2152089.9191874997,"upper_bound":2164370.1651874995},"point_estimate":2158135.1754166665,"standard_error":3141.7041064085124},"median":{"confidence_interval":{"confidence_level":0.95,"lower_bound":2143795.0833333335,"upper_bound":2167018.1666666665},"point_estimate":2152116.5625,"standard_error":5642.79642534967},"median_abs_dev":{"confidence_interval":{"confidence_level":0.95,"lower_bound":26963.891283794776,"upper_bound":45142.636423558455},"point_estimate":32329.482363536954,"standard_error":4653.7421721752535},"slope":null,"std_dev":{"confidence_interval":{"confidence_level":0.95,"lower_bound":28088.29705448194,"upper_bound":34623.45828245293},"point_estimate":31659.53456789781,"standard_error":1670.9890553852895}}