{"mean":{"confidence_interval":{"confidence_level":0.95,"lower_bound":2620337.0734605268,"upper_bound":2665679.0049868417},"point_estimate":2642216.0463157897,"standard_error":11565.73867709463},"median":{"confidence_interval":{"confidence_level":0.95,"lower_bound":2607740.289473684,"upper_bound":2644869.736842105},"point_estimate":2625235.263157895,"standard_error":9669.877293280924},"median_abs_dev":{"confidence_interval":{"confidence_level":0.95,"lower_bound":57087.23790057754,"upper_bound":101297.97993318054},"point_estimate":73592.51717768222,"standard_error":11423.46290167223},"slope":null,"std_dev":{"confidence_interval":{"confidence_level":0.95,"lower_bound":88682.18173282953,"upper_bound":141813.9721871456},"point_estimate":116576.76030513427,"standard_error":13719.747181568919}}