{"mean":{"confidence_interval":{"confidence_level":0.95,"lower_bound":1198254.5988875371,"upper_bound":1201358.3531886723},"point_estimate":1199697.4144965669,"standard_error":795.0874046116204},"median":{"confidence_interval":{"confidence_level":0.95,"lower_bound":1196577.6802197802,"upper_bound":1197841.6579301076},"point_estimate":1197211.7276975946,"standard_error":312.6097740657352},"median_abs_dev":{"confidence_interval":{"confidence_level":0.95,"lower_bound":2474.4358510413954,"upper_bound":4244.027079283028},"point_estimate":3327.859416500161,"standard_error":432.4835200455139},"slope":{"confidence_interval":{"confidence_level":0.95,"lower_bound":1199553.5446890476,"upper_bound":1203253.1133845795},"point_estimate":1201229.1795300725,"standard_error":948.7863080418963},"std_dev":{"confidence_interval":{"confidence_level":0.95,"lower_bound":5166.11113309651,"upper_bound":10543.539382253311},"point_estimate":8005.982007320579,"standard_error":1380.961290997009}}